feature	metadata	value	coef	stderr	N	N.not.0	pval	qval
X969732ae717bf5a9282f4781499aadb4	F1_SDC_AGE_CALC	F1_SDC_AGE_CALC	-0.00968133495124415	0.00186712413917928	26	22	0.00041000355686583	0.177208945338121
X969732ae717bf5a9282f4781499aadb4	PM_BIOIMPED_FFM	PM_BIOIMPED_FFM	-0.0378438759555499	0.00775168157885585	26	22	0.000640028927519358	0.177208945338121
X26de4690cd2c89c490c37a8d1418d67a	Crohn_case_control	Crohn_case_control	0.0458333156160382	0.010175694729943	26	19	0.00113571964306228	0.177208945338121
X26de4690cd2c89c490c37a8d1418d67a	F1_SDC_AGE_CALC	F1_SDC_AGE_CALC	-0.00316047083858947	0.000659912905805139	26	19	0.000735450124216301	0.177208945338121
X26de4690cd2c89c490c37a8d1418d67a	PM_BIOIMPED_FFM	PM_BIOIMPED_FFM	-0.0123399567361328	0.00273974001419503	26	19	0.00113595477780847	0.177208945338121
X1c6bf8efe709f63c28e0225da6870395	NUT_JUICE_DAY_QTY	NUT_JUICE_DAY_QTY	0.0659142959144998	0.0154926177085122	26	26	0.0016773757612379	0.195992446475247
c38ee4acf990375c9b9df651cf77bf7c	Crohn_case_control	Crohn_case_control	-0.0508778085737064	0.0120433716762745	26	16	0.0017589065709317	0.195992446475247
