feature	metadata	value	coef	stderr	N	N.not.0	pval	qval
bc6f21affc11d8c4a5d6454f728e4add	Crohn_case_control	Crohn_case_control	-0.00700931457521843	0.00271508640796979	106	13	0.0112266620216867	0.141814481849219
X5b239eddc0c4c102c7f721bae475cf22	Crohn_case_control	Crohn_case_control	-0.0281124596135528	0.0112028272129894	106	91	0.0136360078701172	0.141814481849219
X3a4c1eb8dbc9f93fbbfbd8702754c0df	Crohn_case_control	Crohn_case_control	-0.0104436812823135	0.00381187372814264	106	49	0.00723657144314731	0.141814481849219
cb3f42ad378ddeda014d895db355586b	Crohn_case_control	Crohn_case_control	-0.0229131817311794	0.00808505688304314	106	102	0.00552288703022701	0.141814481849219
b73c9d186b67a61bce0ba79c990aef39	Crohn_case_control	Crohn_case_control	-0.0179324029142789	0.00703129459860354	106	53	0.0122178116915312	0.141814481849219
ca39c1dfb5e738c293917a0ab7391c33	Crohn_case_control	Crohn_case_control	0.0140767098596794	0.00645777798461334	106	27	0.0315274445598745	0.234203873873353
a67690654fca1914946ee270222b7247	Crohn_case_control	Crohn_case_control	-0.0108940496442339	0.0049152921924616	106	90	0.0288451452598107	0.234203873873353
