feature	metadata	value	coef	stderr	N	N.not.0	pval	qval
X632a77028290d1ecbd9bfe2958610b8c	A_HS_DENTAL_VISIT_LAST	A_HS_DENTAL_VISIT_LAST	0.0617023644151818	0.0185112878925452	106	106	0.00125721506351123	0.222275623228786
X81b95cf5e2e0e3f7579b7dfa4b2ebed0	SDC_GENDER	SDC_GENDER	-0.0952825802829852	0.028107608496173	106	98	0.00104832519326664	0.222275623228786
X81b95cf5e2e0e3f7579b7dfa4b2ebed0	PM_BIOIMPED_FFM	PM_BIOIMPED_FFM	-0.0063641421838183	0.00176487815070368	106	98	0.000515198367969426	0.222275623228786
X26de4690cd2c89c490c37a8d1418d67a	NUT_JUICE_DAY_QTY	NUT_JUICE_DAY_QTY	-0.0113306055832308	0.00317834134454927	106	81	0.000590909369021715	0.222275623228786
X3fae853851bfe19cdb50e15749f373b6	PM_BIOIMPED_FFM	PM_BIOIMPED_FFM	0.0138322175485185	0.00411938806773042	106	106	0.00116216391193149	0.222275623228786
