feature	metadata	value	coef	stderr	N	N.not.0	pval	qval
de4edf45ab75f6490e1ada65b0e0306f	A_SMK_CIG_CUR_FREQ	A_SMK_CIG_CUR_FREQ	0.0132453601528805	0.00352096145896874	170	22	0.000239706569700308	0.199435865990657
X6960eba3db7d4d863d042ab497d7481a	A_SMK_CIG_CUR_FREQ	A_SMK_CIG_CUR_FREQ	0.0296089775444001	0.00841947882083959	170	73	0.000575266953001435	0.239311052448597
