feature	metadata	value	coef	stderr	N	N.not.0	pval	qval
b73c9d186b67a61bce0ba79c990aef39	CASE_CONTROL	CASE_CONTROL	-0.0259286995561368	0.00809783003088608	100	54	0.00184110520570989	0.0975785759026239
X92fb114641e27921122496428e2ef0dd	CASE_CONTROL	CASE_CONTROL	0.00545797391338593	0.00198628250636929	100	11	0.00714139913322022	0.189247077030336
