feature	metadata	value	coef	stderr	N	N.not.0	pval	qval
X3fae853851bfe19cdb50e15749f373b6	Both_case_control	Both_case_control	0.349956858784145	0.0800861996464507	8	8	0.0047203000238577	0.2454556012406
