feature	metadata	value	coef	stderr	N	N.not.0	pval	qval
cb3f42ad378ddeda014d895db355586b	UC_case_control	UC_case_control	0.053886057531221	0.0124198225413154	34	32	0.000395654117704962	0.215343707915796
cb3f42ad378ddeda014d895db355586b	A_HS_DENTAL_VISIT_LAST	A_HS_DENTAL_VISIT_LAST	-0.0316576768043515	0.00759024538285981	34	32	0.000574249887775457	0.215343707915796
