feature	metadata	value	coef	stderr	N	N.not.0	pval	qval
cb3f42ad378ddeda014d895db355586b	Crohn_case_control	Crohn_case_control	-0.0389857453113579	0.0118181479063081	38	37	0.00219366967669007	0.109683483834504
b73c9d186b67a61bce0ba79c990aef39	Crohn_case_control	Crohn_case_control	-0.0292811210894736	0.00978977090669314	38	19	0.00499340540657083	0.124835135164271
