feature	metadata	value	coef	stderr	N	N.not.0	pval	qval
X3a4c1eb8dbc9f93fbbfbd8702754c0df	Crohn_case_control	Crohn_case_control	-0.0112531570875613	0.00342771749582386	130	62	0.00132445003420752	0.0662225017103758
bc6f21affc11d8c4a5d6454f728e4add	Crohn_case_control	Crohn_case_control	-0.00658359434178497	0.00238618731233463	130	17	0.00664735644632744	0.155904540846216
cb3f42ad378ddeda014d895db355586b	Crohn_case_control	Crohn_case_control	-0.0185850748319873	0.00747878140754031	130	126	0.0142438861163256	0.155904540846216
X7c821085a5548386a8d91fe359fa3ff3	Crohn_case_control	Crohn_case_control	-0.0370134784445497	0.0147608383172273	130	128	0.0134085579001539	0.155904540846216
b73c9d186b67a61bce0ba79c990aef39	Crohn_case_control	Crohn_case_control	-0.0151677262731716	0.00618806007413585	130	64	0.0155904540846216	0.155904540846216
X5b239eddc0c4c102c7f721bae475cf22	Crohn_case_control	Crohn_case_control	-0.0228666633850264	0.0101605661206603	130	112	0.0261217035728955	0.217680863107463
ca39c1dfb5e738c293917a0ab7391c33	Crohn_case_control	Crohn_case_control	0.0116751291331084	0.00539912688079406	130	30	0.0324458673313292	0.23175619522378
