feature	metadata	value	coef	stderr	N	N.not.0	pval	qval
X95c08da59378a0eb674c2b7dab943428	Both_case_control	Both_case_control	-0.0271424430554763	0.00742018653597565	62	54	0.00053769653218392	0.0274225231413799
cb3f42ad378ddeda014d895db355586b	Both_case_control	Both_case_control	-0.0247433353776187	0.009844002089747	62	61	0.0146548765373207	0.249132901134451
X5431c93e93b57f0b74748eb702ea1e72	Both_case_control	Both_case_control	-0.0439891503698411	0.0166768909669447	62	59	0.0106141711973647	0.249132901134451
