,sum_sq,df,F,PR(>F)
CASE_CONTROL,1.2825047113680923,1.0,0.47309367976634786,0.49319213587409894
Residual,265.6671756345313,98.0,,
