,sum_sq,df,F,PR(>F)
CASE_CONTROL,3874.1341598512727,1.0,7.196750772271743,0.008033452901976048
Residual,90437.2764112774,168.0,,
