,sum_sq,df,F,PR(>F)
CASE_CONTROL,0.5662792197393962,1.0,0.3010135443233609,0.5850989768830838
Residual,124.16194954553616,66.0,,
