,sum_sq,df,F,PR(>F)
UC_case_control,0.0007197968054523328,1.0,0.1322189699776126,0.7185337094642756
Residual,0.17420720928604042,32.0,,
