,sum_sq,df,F,PR(>F)
Crohn_case_control,0.07419180031423657,1.0,0.19437591172010701,0.6632452468900512
Residual,9.160616620570094,24.0,,
