,sum_sq,df,F,PR(>F)
UC_case_control,1.132153135372147,1.0,5.103185298917582,0.02667428676993749
Residual,17.30447541808018,78.0,,
