,sum_sq,df,F,PR(>F)
Crohn_case_control,0.09780989503066868,1.0,0.04920858529479915,0.8263228928395474
Residual,47.70381970286289,24.0,,
