,sum_sq,df,F,PR(>F)
Both_case_control,140.212052058953,1.0,0.31468630279152254,0.5851415062356857
Residual,5346.736129859805,12.0,,
