,sum_sq,df,F,PR(>F)
UC_case_control,7.182362444383898e-05,1.0,0.03820554337720196,0.8458560645601628
Residual,0.09023648582266956,48.0,,
