,sum_sq,df,F,PR(>F)
Both_case_control,1.6629473132724961,1.0,4.624901451451427,0.05259081771608142
Residual,4.314766048259772,12.0,,
