,sum_sq,df,F,PR(>F)
UC_case_control,838.1228038084764,1.0,1.9010718895324765,0.17435028781086598
Residual,21161.69030972335,48.0,,
