,sum_sq,df,F,PR(>F)
UC_case_control,6.4936382032795255,1.0,3.9324415886439,0.0533523179641577
Residual,75.95976967934244,46.0,,
