,sum_sq,df,F,PR(>F)
Both_case_control,48.285714285713766,1.0,0.19791158387820615,0.6643299496044491
Residual,2927.7142857142853,12.0,,
