,sum_sq,df,F,PR(>F)
Crohn_case_control,8.526315789473879,1.0,0.024953148666342063,0.8753666102825413
Residual,12300.947368421052,36.0,,
