,sum_sq,df,F,PR(>F)
UC_case_control,978.7768652538181,1.0,1.9011387349123634,0.17189232165845753
Residual,40157.29840637698,78.0,,
