,sum_sq,df,F,PR(>F)
UC_case_control,0.0012032017993198181,1.0,0.20150126955064485,0.6565370873551999
Residual,0.19107799004986945,32.0,,
