,sum_sq,df,F,PR(>F)
Both_case_control,2.629365078928468,1.0,6.402476796991201,0.014038193843018465
Residual,24.640761651779385,60.0,,
