,sum_sq,df,F,PR(>F)
UC_case_control,342.53590767344895,1.0,0.7283503072476205,0.39976187352099046
Residual,15049.281831117365,32.0,,
