,sum_sq,df,F,PR(>F)
CASE_CONTROL,3578.8235294117208,1.0,8.521161845651378,0.003991889227156919
Residual,70558.7294117647,168.0,,
