,sum_sq,df,F,PR(>F)
Both_case_control,1.8224493906426442,1.0,11.832033338609499,0.004896530593797371
Residual,1.8483207460503845,12.0,,
