,sum_sq,df,F,PR(>F)
UC_case_control,227.32635670012698,1.0,0.54136465783443,0.4656031034528402
Residual,19316.02341762767,46.0,,
