,sum_sq,df,F,PR(>F)
UC_case_control,1.2082115782889078,1.0,4.468471196089105,0.036497200674042746
Residual,34.06862261921732,126.0,,
