,sum_sq,df,F,PR(>F)
CASE_CONTROL,0.00025226820252680055,1.0,0.06634640873111276,0.7972727248163556
Residual,0.37262429603115926,98.0,,
