,sum_sq,df,F,PR(>F)
Both_case_control,3.0559605854087697,1.0,1.0660192665520902,0.307244335334676
Residual,131.86833609815847,46.0,,
