,sum_sq,df,F,PR(>F)
CASE_CONTROL,4898.450000000012,1.0,12.090531878716876,0.0005773052499276704
Residual,128836.9375,318.0,,
