,sum_sq,df,F,PR(>F)
CASE_CONTROL,0.7023992164742419,1.0,1.8297951986565058,0.17926451562683993
Residual,37.61903149872546,98.0,,
