,sum_sq,df,F,PR(>F)
CASE_CONTROL,0.008123189158169314,1.0,1.9412150489221291,0.16450976111010998
Residual,1.3306996325482663,318.0,,
