,sum_sq,df,F,PR(>F)
Both_case_control,448.1612005334636,1.0,0.7748722995475242,0.3960012607694346
Residual,6940.41380694849,12.0,,
