,sum_sq,df,F,PR(>F)
Crohn_case_control,5.97217506547874,1.0,1.8743097894511809,0.17491183337159516
Residual,248.53397113384437,78.0,,
