,sum_sq,df,F,PR(>F)
Crohn_case_control,1.9336214779420422,1.0,5.554854499455531,0.0199464508453322
Residual,44.55626141077879,128.0,,
