,sum_sq,df,F,PR(>F)
Both_case_control,1.2712088609603767,1.0,10.1995732971415,0.018749069590031264
Residual,0.7478012014384808,6.0,,
