,sum_sq,df,F,PR(>F)
UC_case_control,1.1626794352424999e-05,1.0,0.005334000018475425,0.9420955242996127
Residual,0.10026856737139961,46.0,,
