,sum_sq,df,F,PR(>F)
CASE_CONTROL,3.6345839390039525,1.0,12.551834265224574,0.0005125886256235868
Residual,48.64708128312266,168.0,,
