,sum_sq,df,F,PR(>F)
CASE_CONTROL,18.899061729857912,1.0,6.971556545460667,0.00869015872585121
Residual,862.0602287172144,318.0,,
