,sum_sq,df,F,PR(>F)
Crohn_case_control,0.0008137240359835742,1.0,0.2526580958112935,0.6197909792416869
Residual,0.07729567026497333,24.0,,
