,sum_sq,df,F,PR(>F)
CASE_CONTROL,0.0019145015230279067,1.0,0.47032637956701057,0.4952390918261963
Residual,0.26865833176563064,66.0,,
