,sum_sq,df,F,PR(>F)
Both_case_control,0.016778960950340288,1.0,3.4034971560202227,0.07286319415865991
Residual,0.1873368734817719,38.0,,
