,sum_sq,df,F,PR(>F)
Both_case_control,0.012934485331773807,1.0,25.05614485541961,0.002438683960263663
Residual,0.0030973205350805022,6.0,,
