,sum_sq,df,F,PR(>F)
Both_case_control,540.6428571428543,1.0,1.4019262826449272,0.2593247185093595
Residual,4627.714285714284,12.0,,
