,sum_sq,df,F,PR(>F)
CASE_CONTROL,905.6924885596657,1.0,1.8678674555377008,0.17484683344000446
Residual,47518.28809678394,98.0,,
