,sum_sq,df,F,PR(>F)
Both_case_control,324.90000000000117,1.0,0.710899982725862,0.40442135927741085
Residual,17367.0,38.0,,
