,sum_sq,df,F,PR(>F)
UC_case_control,1681.9999999999975,1.0,4.745617257644994,0.03123429195317707
Residual,44658.46875,126.0,,
