,sum_sq,df,F,PR(>F)
CASE_CONTROL,0.0023680246418616453,1.0,0.8664329615842764,0.35533707187871777
Residual,0.18038282624554394,66.0,,
