,sum_sq,df,F,PR(>F)
UC_case_control,0.00013196768118082163,1.0,0.05871482000444645,0.8100851765664764
Residual,0.07192333719947516,32.0,,
