,sum_sq,df,F,PR(>F)
Crohn_case_control,1.8008372932801124,1.0,0.0036457526904362034,0.9523529224956596
Residual,11854.916860406003,24.0,,
