,sum_sq,df,F,PR(>F)
Crohn_case_control,0.0006527805699962163,1.0,0.22158738806415976,0.6420833216989592
Residual,0.07070228056198284,24.0,,
