,sum_sq,df,F,PR(>F)
CASE_CONTROL,0.025423342356708612,1.0,8.97782025701988,0.003049202146399398
Residual,0.6173312090347193,218.0,,
