,sum_sq,df,F,PR(>F)
UC_case_control,2.0531146352675855e-05,1.0,0.004266267707990556,0.9481931495775465
Residual,0.23099699605879087,48.0,,
