,sum_sq,df,F,PR(>F)
CASE_CONTROL,5.268128769944433,1.0,16.128083748108075,7.391849917060659e-05
Residual,103.87253532452972,318.0,,
