,sum_sq,df,F,PR(>F)
UC_case_control,655.3588111651504,1.0,1.921358405178879,0.17238979536771243
Residual,15690.203989187678,46.0,,
