,sum_sq,df,F,PR(>F)
CASE_CONTROL,4.853747557197929,1.0,16.47046409492461,6.886500470984963e-05
Residual,64.24330008983829,218.0,,
