,sum_sq,df,F,PR(>F)
Crohn_case_control,0.0005507796632173719,1.0,0.14167922417779394,0.7099244529234459
Residual,0.09330028445545906,24.0,,
