,sum_sq,df,F,PR(>F)
CASE_CONTROL,4256.435305167207,1.0,8.581981196466037,0.0037278568270059107
Residual,117049.74749107004,236.0,,
