,sum_sq,df,F,PR(>F)
CASE_CONTROL,0.018780517210335423,1.0,6.291307649716641,0.013081380592342078
Residual,0.5015057388710688,168.0,,
