,sum_sq,df,F,PR(>F)
Both_case_control,0.017796125705979656,1.0,8.144565695924237,0.014518146376698583
Residual,0.026220367843385915,12.0,,
