,sum_sq,df,F,PR(>F)
UC_case_control,0.15312759766345163,1.0,0.9433909393812944,0.336487077293972
Residual,7.466543506489862,46.0,,
