,sum_sq,df,F,PR(>F)
Crohn_case_control,0.45220483582970467,1.0,1.7295361475487525,0.19678581271779413
Residual,9.412566550252157,36.0,,
