,sum_sq,df,F,PR(>F)
UC_case_control,0.6799976132591892,1.0,2.5103956833318097,0.11694682553294923
Residual,22.211559977369312,82.0,,
