,sum_sq,df,F,PR(>F)
Crohn_case_control,210.6153846153851,1.0,0.48122327025602085,0.4945287168243462
Residual,10503.999999999998,24.0,,
