,sum_sq,df,F,PR(>F)
UC_case_control,17.233748621634778,1.0,6.837837071023243,0.010013499446985655
Residual,317.56420981833026,126.0,,
