,sum_sq,df,F,PR(>F)
Both_case_control,0.006424663847715806,1.0,1.4142864665829202,0.24044877369408627
Residual,0.20896370288331526,46.0,,
