,sum_sq,df,F,PR(>F)
CASE_CONTROL,718.2499999999905,1.0,2.2622333011911926,0.13733330803688878
Residual,20954.73529411765,66.0,,
