,sum_sq,df,F,PR(>F)
CASE_CONTROL,0.6238686583649636,1.0,2.7486094388921494,0.10208508213676014
Residual,14.980422780139934,66.0,,
