,sum_sq,df,F,PR(>F)
Both_case_control,1.849042334090911,1.0,0.5924353669493833,0.44541361795588963
Residual,143.5700029290266,46.0,,
