,sum_sq,df,F,PR(>F)
Both_case_control,0.007934327949881095,1.0,1.6105848607757205,0.212128031626826
Residual,0.1872018478742345,38.0,,
