,sum_sq,df,F,PR(>F)
CASE_CONTROL,0.008081730557775382,1.0,1.3819313355711342,0.2426205123981214
Residual,0.5731179070012622,98.0,,
