,sum_sq,df,F,PR(>F)
UC_case_control,544.0,1.0,1.9821301791000792,0.16880721922515207
Residual,8782.470588235294,32.0,,
