,sum_sq,df,F,PR(>F)
CASE_CONTROL,558.9115501242874,1.0,1.4077200362654414,0.23968870387894223
Residual,26204.18929751405,66.0,,
