,sum_sq,df,F,PR(>F)
CASE_CONTROL,4210.088235294146,1.0,10.817707771036284,0.0011588665306453917
Residual,91847.63025210083,236.0,,
