,sum_sq,df,F,PR(>F)
Both_case_control,752.5161290322576,1.0,1.6857643196265413,0.19912874582698128
Residual,26783.677419354834,60.0,,
