,sum_sq,df,F,PR(>F)
Crohn_case_control,0.010279595359659995,1.0,3.4152831588340247,0.06743690951293337
Residual,0.3130276078688661,104.0,,
