,sum_sq,df,F,PR(>F)
Both_case_control,1.2218711500075508,1.0,2.869584888627254,0.0984507659846794
Residual,16.180425219097994,38.0,,
