,sum_sq,df,F,PR(>F)
Crohn_case_control,0.00014180526954759602,1.0,0.025152169622874688,0.8748748222007354
Residual,0.20296418878595326,36.0,,
