,sum_sq,df,F,PR(>F)
UC_case_control,713.0208333333394,1.0,2.688338211337712,0.10790726398430367
Residual,12200.458333333332,46.0,,
