,sum_sq,df,F,PR(>F)
Crohn_case_control,0.000528070958107376,1.0,0.13108103172666674,0.7179108391043948
Residual,0.5156587627315203,128.0,,
