,sum_sq,df,F,PR(>F)
Both_case_control,1045.7293481083746,1.0,1.8362695818819186,0.18046878612788395
Residual,34169.14461012796,60.0,,
