,sum_sq,df,F,PR(>F)
CASE_CONTROL,4209.942088079549,1.0,7.3875590914724265,0.0070958488720108265
Residual,124231.47670801505,218.0,,
