,sum_sq,df,F,PR(>F)
CASE_CONTROL,0.0021006951342111,1.0,0.4025164217425575,0.5272708141245379
Residual,0.5114527309505834,98.0,,
