,sum_sq,df,F,PR(>F)
CASE_CONTROL,0.002403429490994282,1.0,0.5222365367953938,0.47244225464986644
Residual,0.30374425232482455,66.0,,
