,sum_sq,df,F,PR(>F)
Both_case_control,0.21313891080339886,1.0,0.05795372535370271,0.8177748547439558
Residual,22.066458316793735,6.0,,
