,sum_sq,df,F,PR(>F)
Both_case_control,0.08382487783571381,1.0,0.029216715128571005,0.8671278928286534
Residual,34.42887161003594,12.0,,
