,sum_sq,df,F,PR(>F)
Crohn_case_control,5.066474882414854,1.0,1.5887420876994074,0.21076409195037973
Residual,287.0086610959158,90.0,,
