,sum_sq,df,F,PR(>F)
UC_case_control,0.2959298490724636,1.0,1.7490504643461813,0.19226314106807016
Residual,8.121339575406784,48.0,,
