,sum_sq,df,F,PR(>F)
Both_case_control,1.3553362305107555,1.0,0.4103737750490464,0.533822062686351
Residual,39.63224688074974,12.0,,
