,sum_sq,df,F,PR(>F)
Crohn_case_control,0.0001700619481748777,1.0,0.054948481008822075,0.8159940825969482
Residual,0.11141764106841574,36.0,,
