,sum_sq,df,F,PR(>F)
UC_case_control,1.2404675827617653,1.0,0.7488864516798197,0.3932707001325094
Residual,53.005315504556286,32.0,,
