,sum_sq,df,F,PR(>F)
Both_case_control,0.013025829232276777,1.0,4.537988743690283,0.07718210867847183
Residual,0.01722238194229305,6.0,,
