,sum_sq,df,F,PR(>F)
Both_case_control,520.0833333333394,1.0,1.2169043935315829,0.27570681615652837
Residual,19659.583333333332,46.0,,
