,sum_sq,df,F,PR(>F)
Crohn_case_control,3.8736148233303047,1.0,1.3460182177825362,0.24863184890524911
Residual,299.2945684569014,104.0,,
