,sum_sq,df,F,PR(>F)
CASE_CONTROL,4411.081255819571,1.0,8.524701208278687,0.003753750937556941
Residual,164548.15307642464,318.0,,
