,sum_sq,df,F,PR(>F)
Crohn_case_control,0.01692235642375473,1.0,6.214920230527969,0.014786140703168072
Residual,0.2123830639964203,78.0,,
