,sum_sq,df,F,PR(>F)
Crohn_case_control,0.017532821830450122,1.0,6.677240176300607,0.011375587064177926
Residual,0.23631828765739338,90.0,,
