,sum_sq,df,F,PR(>F)
Crohn_case_control,2585.685152178902,1.0,4.215408625815358,0.04341091066531672
Residual,47844.33960561632,78.0,,
