,sum_sq,df,F,PR(>F)
CASE_CONTROL,4206.563636363583,1.0,9.411195988672121,0.002429845594846637
Residual,97440.41818181817,218.0,,
