,sum_sq,df,F,PR(>F)
Both_case_control,346.687500000004,1.0,0.7345370173125614,0.3958596524307164
Residual,21711.125,46.0,,
