,sum_sq,df,F,PR(>F)
UC_case_control,0.0008183502745164343,1.0,0.22580257952609645,0.6359170766125639
Residual,0.2971831528726721,82.0,,
