,sum_sq,df,F,PR(>F)
CASE_CONTROL,530.882352941172,1.0,1.4499827165662806,0.23283147359721812
Residual,24164.58823529412,66.0,,
