,sum_sq,df,F,PR(>F)
UC_case_control,0.003639746928696933,1.0,1.6895067681692617,0.19749422835774832
Residual,0.16803736202015526,78.0,,
