,sum_sq,df,F,PR(>F)
CASE_CONTROL,840.9999999999967,1.0,2.663167391338056,0.10590545408157237
Residual,30947.359999999997,98.0,,
