,sum_sq,df,F,PR(>F)
Crohn_case_control,0.7459001237787368,1.0,0.2666479912678607,0.6087468682859734
Residual,100.70356925756849,36.0,,
