,sum_sq,df,F,PR(>F)
Both_case_control,1.3143637499398355,1.0,3.028352539174087,0.0885079156423472
Residual,19.96489236808661,46.0,,
