,sum_sq,df,F,PR(>F)
UC_case_control,505.19693400227817,1.0,1.4566807185814148,0.23630543004834062
Residual,11098.040690630145,32.0,,
