,sum_sq,df,F,PR(>F)
Crohn_case_control,0.008302617527609817,1.0,2.1503820279926495,0.144986903859529
Residual,0.4942075546111704,128.0,,
