,sum_sq,df,F,PR(>F)
Both_case_control,0.009242845631609074,1.0,5.569210406940008,0.036056734866884
Residual,0.019915596552267892,12.0,,
