,sum_sq,df,F,PR(>F)
Crohn_case_control,0.0012743140875551378,1.0,0.2886854613569008,0.5923901085240917
Residual,0.3972776022072469,90.0,,
