,sum_sq,df,F,PR(>F)
Both_case_control,0.019319112711312224,1.0,6.518785156183457,0.025316671071930138
Residual,0.03556327551550655,12.0,,
