,sum_sq,df,F,PR(>F)
Both_case_control,3.061352742629674,1.0,1.0014951944706916,0.3209679721502295
Residual,183.4069355219016,60.0,,
