,sum_sq,df,F,PR(>F)
Crohn_case_control,0.25375971236965883,1.0,0.08262426692420627,0.776239456007275
Residual,73.70998041602677,24.0,,
