,sum_sq,df,F,PR(>F)
Both_case_control,0.02773902022348312,1.0,6.3679725288330475,0.015138272546564658
Residual,0.2003769527118318,46.0,,
