,sum_sq,df,F,PR(>F)
Crohn_case_control,2010.6215052503987,1.0,3.4648604161787433,0.06550980661260196
Residual,60350.08959369701,104.0,,
