,sum_sq,df,F,PR(>F)
CASE_CONTROL,509.3994049555314,1.0,1.2522759107501567,0.26585361935839447
Residual,39864.33122053556,98.0,,
