,sum_sq,df,F,PR(>F)
Both_case_control,242.00000000000117,1.0,0.6619557784362923,0.4469473471093462
Residual,2193.5,6.0,,
