,sum_sq,df,F,PR(>F)
CASE_CONTROL,0.0018206683918432162,1.0,0.33525278578943574,0.5645532534586202
Residual,0.35842838286547296,66.0,,
