,sum_sq,df,F,PR(>F)
CASE_CONTROL,0.020171527240339174,1.0,5.849868046323734,0.016336045351404694
Residual,0.8137756939170108,236.0,,
