,sum_sq,df,F,PR(>F)
Crohn_case_control,0.0014400600497044582,1.0,0.30914523842655206,0.5797966754947205
Residual,0.3633395243240477,78.0,,
