,sum_sq,df,F,PR(>F)
Both_case_control,0.013999003197375624,1.0,16.2698290870545,0.006852343033406991
Residual,0.0051625630936151445,6.0,,
