,sum_sq,df,F,PR(>F)
UC_case_control,0.03718151807405543,1.0,0.22875800892884557,0.6356978411242894
Residual,5.201166874729443,32.0,,
