,sum_sq,df,F,PR(>F)
CASE_CONTROL,0.024909701482097805,1.0,6.889609019874475,0.009088528325590432
Residual,1.149743773334096,318.0,,
