,sum_sq,df,F,PR(>F)
UC_case_control,0.0003025232376711956,1.0,0.06031704989212801,0.8070880115919798
Residual,0.23071534429755305,46.0,,
