,sum_sq,df,F,PR(>F)
CASE_CONTROL,1.4179121029891861,1.0,6.917138740160373,0.009914952348846406
Residual,20.08856426229765,98.0,,
