,sum_sq,df,F,PR(>F)
Both_case_control,0.01865257648914153,1.0,4.447323656055534,0.039138870324698385
Residual,0.25164676014182963,60.0,,
