,sum_sq,df,F,PR(>F)
Crohn_case_control,2795.5940011113244,1.0,4.407495167564893,0.03858085874858271
Residual,57085.362668480964,90.0,,
