,sum_sq,df,F,PR(>F)
Crohn_case_control,2.2290452327177888,1.0,0.8031557988376103,0.37183385660848833
Residual,355.2458815597311,128.0,,
