,sum_sq,df,F,PR(>F)
Both_case_control,910.624758253471,1.0,1.7555645811579932,0.19172302186559123
Residual,23860.551374321592,46.0,,
