,sum_sq,df,F,PR(>F)
Both_case_control,2.1590282081079577,1.0,5.746929010149727,0.020635361928563294
Residual,17.281455434296127,46.0,,
