,sum_sq,df,F,PR(>F)
UC_case_control,0.5037959391643474,1.0,0.1859788649649429,0.6682990304403266
Residual,124.60885383900158,46.0,,
