,sum_sq,df,F,PR(>F)
Crohn_case_control,609.4643505148031,1.0,1.0491429439056297,0.31253835745875813
Residual,20912.990690148014,36.0,,
