,sum_sq,df,F,PR(>F)
UC_case_control,0.003927341974402215,1.0,1.244107122330342,0.26680379163499596
Residual,0.3977511903056891,126.0,,
