,sum_sq,df,F,PR(>F)
Both_case_control,0.030717386292813398,1.0,4.235949756465145,0.06197399606284586
Residual,0.08701912362184407,12.0,,
