,sum_sq,df,F,PR(>F)
CASE_CONTROL,14.455377442847437,1.0,4.859490378621144,0.028853502785108415
Residual,499.74446314007207,168.0,,
