,sum_sq,df,F,PR(>F)
Both_case_control,406.8192899835564,1.0,0.964124940401692,0.36406927833538894
Residual,2531.7421400636704,6.0,,
