,sum_sq,df,F,PR(>F)
Crohn_case_control,0.5488591435576752,1.0,0.32284576673980936,0.5734297476114405
Residual,61.20237959942214,36.0,,
