,sum_sq,df,F,PR(>F)
UC_case_control,0.0006006704876901957,1.0,0.10828969667097912,0.7435933704517477
Residual,0.255156707269214,46.0,,
