,sum_sq,df,F,PR(>F)
CASE_CONTROL,0.007055088064747731,1.0,2.893684201414563,0.09209838263101823
Residual,0.23893368530238746,98.0,,
