,sum_sq,df,F,PR(>F)
UC_case_control,108.00000000000249,1.0,0.32779097387174155,0.5697506573428618
Residual,15156.0,46.0,,
