,sum_sq,df,F,PR(>F)
Crohn_case_control,5.812806598736552e-06,1.0,0.001828592576036772,0.9662450016705892
Residual,0.07629220428754045,24.0,,
