,sum_sq,df,F,PR(>F)
Both_case_control,641.0680277635718,1.0,1.104403216353715,0.2987915197672696
Residual,26701.415606598173,46.0,,
