,sum_sq,df,F,PR(>F)
UC_case_control,5.718059322920179,1.0,1.938410743882117,0.17025820753128038
Residual,141.59375063640283,48.0,,
