,sum_sq,df,F,PR(>F)
Crohn_case_control,2.239794531241222,1.0,7.076104179560995,0.00904907491552901
Residual,32.91905055919325,104.0,,
