,sum_sq,df,F,PR(>F)
UC_case_control,0.40507601172697877,1.0,1.0149621705440803,0.32127461253784195
Residual,12.771345328382715,32.0,,
