,sum_sq,df,F,PR(>F)
CASE_CONTROL,0.00929605143484271,1.0,2.0525084141532273,0.1532789177162679
Residual,1.0688716906078901,236.0,,
