,sum_sq,df,F,PR(>F)
CASE_CONTROL,1.0104084048311162,1.0,2.832147502419336,0.09711999473766628
Residual,23.546427105892953,66.0,,
