,sum_sq,df,F,PR(>F)
CASE_CONTROL,16.54028884665363,1.0,5.372950640401403,0.02137848934634691
Residual,671.0992171521438,218.0,,
