,sum_sq,df,F,PR(>F)
CASE_CONTROL,4.616260839620906,1.0,14.93491463261654,0.00014386167237488711
Residual,72.94568365133456,236.0,,
