,sum_sq,df,F,PR(>F)
Crohn_case_control,0.0034948747644485225,1.0,1.2896939091379453,0.2636086064248957
Residual,0.09755453649016933,36.0,,
