,sum_sq,df,F,PR(>F)
Both_case_control,2.9190274598660237,1.0,1.0142467816190373,0.32025770976955553
Residual,109.36494498690247,38.0,,
