,sum_sq,df,F,PR(>F)
Crohn_case_control,3336.0434782608754,1.0,7.004421372299034,0.00959767297464961
Residual,42864.913043478264,90.0,,
