,sum_sq,df,F,PR(>F)
UC_case_control,3.726052150154518e-05,1.0,0.00589710472508067,0.9392666657157158
Residual,0.20219018376566733,32.0,,
