,sum_sq,df,F,PR(>F)
Crohn_case_control,0.00041263942141998064,1.0,0.09848864988331867,0.7542795140227905
Residual,0.4357304103418982,104.0,,
