,sum_sq,df,F,PR(>F)
UC_case_control,699.3800000000019,1.0,1.9852018658517026,0.16528899796202642
Residual,16910.239999999998,48.0,,
