,sum_sq,df,F,PR(>F)
CASE_CONTROL,3.0429189637696217,1.0,1.6149882015071844,0.20680043297558834
Residual,184.64906317651284,98.0,,
