,sum_sq,df,F,PR(>F)
Both_case_control,0.0095635444730848,1.0,2.1254537768478707,0.1516638259403827
Residual,0.20697841117689397,46.0,,
