,sum_sq,df,F,PR(>F)
Crohn_case_control,64.65384615384635,1.0,0.16173051328512147,0.6911274956012663
Residual,9594.307692307691,24.0,,
