,sum_sq,df,F,PR(>F)
Crohn_case_control,0.0014058672219666992,1.0,0.21809018447187462,0.6433131880177689
Residual,0.232065556335609,36.0,,
