,sum_sq,df,F,PR(>F)
Both_case_control,0.016318494993720532,1.0,3.8521798373475695,0.055745747742100976
Residual,0.19486389561397202,46.0,,
