,sum_sq,df,F,PR(>F)
UC_case_control,1.084723354089668,1.0,0.345981003460691,0.5605258594654969
Residual,100.32674332888082,32.0,,
