,sum_sq,df,F,PR(>F)
Crohn_case_control,130.83236573131083,1.0,0.19670632381027692,0.6613652715809701
Residual,15962.764779133207,24.0,,
