,sum_sq,df,F,PR(>F)
Both_case_control,577.7568551103153,1.0,1.03570643896508,0.31525817456596505
Residual,21197.860386124536,38.0,,
