,sum_sq,df,F,PR(>F)
Crohn_case_control,2516.800000000001,1.0,5.65401079943816,0.01889503353748046
Residual,56977.32307692308,128.0,,
