,sum_sq,df,F,PR(>F)
UC_case_control,0.0007654200112969501,1.0,0.16907777843532928,0.6816312444035609
Residual,0.5704056577742666,126.0,,
