,sum_sq,df,F,PR(>F)
Both_case_control,6.293650561521766,1.0,2.336127215443132,0.17726732187458044
Residual,16.164318072878437,6.0,,
