,sum_sq,df,F,PR(>F)
Crohn_case_control,2.4568303840612438,1.0,8.178062916638385,0.005437533601258544
Residual,23.432537987314504,78.0,,
