,sum_sq,df,F,PR(>F)
Both_case_control,255.1827365205351,1.0,0.40458616680090814,0.5482099223114122
Residual,3784.3518754724114,6.0,,
