,sum_sq,df,F,PR(>F)
UC_case_control,1342.15892313806,1.0,3.3849911938556443,0.06941101002528088
Residual,32513.2401812725,82.0,,
