,sum_sq,df,F,PR(>F)
Both_case_control,1.4682760268794592,1.0,9.015486609198966,0.02392840280890621
Residual,0.9771692359109944,6.0,,
