,sum_sq,df,F,PR(>F)
UC_case_control,1242.0119047619044,1.0,3.9207731390372507,0.051046936643126456
Residual,25975.73809523809,82.0,,
