,sum_sq,df,F,PR(>F)
Crohn_case_control,25.083119216966153,1.0,0.060492681736268164,0.8071158436773054
Residual,14927.298077932555,36.0,,
