,sum_sq,df,F,PR(>F)
Crohn_case_control,0.010675672520138025,1.0,0.024434453379159775,0.8766578583630457
Residual,15.728782828133994,36.0,,
