,sum_sq,df,F,PR(>F)
Both_case_control,0.017353168323457808,1.0,4.451512805753718,0.039049846024918865
Residual,0.23389578887916443,60.0,,
