,sum_sq,df,F,PR(>F)
UC_case_control,0.002349149473007079,1.0,0.5482395977943636,0.46126094489133274
Residual,0.334221861448396,78.0,,
