,sum_sq,df,F,PR(>F)
UC_case_control,1632.9687664340927,1.0,3.6839327652872202,0.05720018427298967
Residual,55851.7426022171,126.0,,
