,sum_sq,df,F,PR(>F)
UC_case_control,0.000597858447113024,1.0,0.1240102821381498,0.7263333415776076
Residual,0.22176780903185048,46.0,,
