,sum_sq,df,F,PR(>F)
Both_case_control,0.017593064156857744,1.0,1.8964426652354434,0.2176475338339594
Residual,0.055661258247446874,6.0,,
