,sum_sq,df,F,PR(>F)
CASE_CONTROL,0.00960224810315157,1.0,2.2215690399896277,0.13754014387382324
Residual,0.9422574985546321,218.0,,
