,sum_sq,df,F,PR(>F)
Crohn_case_control,0.1480059408914339,1.0,0.4910761296866115,0.49018654576157505
Residual,7.2333847374362765,24.0,,
