,sum_sq,df,F,PR(>F)
UC_case_control,0.0001842270558651217,1.0,0.036586674860909996,0.8487818449505629
Residual,0.4128994678628262,82.0,,
