,sum_sq,df,F,PR(>F)
Crohn_case_control,2868.0125000000116,1.0,6.235213820293564,0.014630325345776001
Residual,35877.675,78.0,,
