,sum_sq,df,F,PR(>F)
CASE_CONTROL,1.6523678311351926,1.0,0.5498180638978564,0.4610224361098908
Residual,198.34975242861952,66.0,,
