,sum_sq,df,F,PR(>F)
CASE_CONTROL,13.072072228237746,1.0,4.894722784694722,0.027897037550300388
Residual,630.2724753913752,236.0,,
