,sum_sq,df,F,PR(>F)
Crohn_case_control,1744.8726726827347,1.0,3.0228118481100226,0.08450548001236592
Residual,73886.0747297365,128.0,,
