,sum_sq,df,F,PR(>F)
UC_case_control,6.5202222059197545,1.0,2.6988292411151744,0.10425145661308358
Residual,198.1074655410564,82.0,,
