,sum_sq,df,F,PR(>F)
Crohn_case_control,760.5263157894739,1.0,1.9150205049292823,0.1749271560661631
Residual,14296.947368421053,36.0,,
