,sum_sq,df,F,PR(>F)
UC_case_control,0.1775035828553291,1.0,0.509543168328461,0.47894307576601913
Residual,16.02448098387951,46.0,,
