,sum_sq,df,F,PR(>F)
UC_case_control,973.0125000000075,1.0,2.34136256888236,0.13002502646856534
Residual,32414.874999999996,78.0,,
