,sum_sq,df,F,PR(>F)
Crohn_case_control,2550.9433962264307,1.0,5.770019927185376,0.018075369545604084
Residual,45978.71698113209,104.0,,
