,sum_sq,df,F,PR(>F)
UC_case_control,10.740169689306587,1.0,3.507278377712173,0.06484674431247324
Residual,238.85564404852693,78.0,,
