,sum_sq,df,F,PR(>F)
UC_case_control,178.94117647058894,1.0,0.5080319398778789,0.4811575630446955
Residual,11271.176470588238,32.0,,
