,sum_sq,df,F,PR(>F)
CASE_CONTROL,657.353223603101,1.0,1.233437155388305,0.27076942889573763
Residual,35174.31963864126,66.0,,
