,sum_sq,df,F,PR(>F)
Crohn_case_control,2.517173203674957,1.0,8.466351893319667,0.004557959963660026
Residual,26.758347773082857,90.0,,
