,sum_sq,df,F,PR(>F)
Both_case_control,180.50000000000094,1.0,0.5471078555190734,0.48742160273147533
Residual,1979.5,6.0,,
