,sum_sq,df,F,PR(>F)
CASE_CONTROL,718.2399999999965,1.0,2.050906463249038,0.15529747249233344
Residual,34320.200000000004,98.0,,
