,sum_sq,df,F,PR(>F)
CASE_CONTROL,0.0074663227946597695,1.0,1.580652126062635,0.21041177338869677
Residual,0.7935599546671768,168.0,,
