,sum_sq,df,F,PR(>F)
Crohn_case_control,0.012795716692716208,1.0,2.069318172440708,0.1527293396213675
Residual,0.7914934293240513,128.0,,
