,sum_sq,df,F,PR(>F)
Crohn_case_control,3.1153846153846096,1.0,0.2652838427947593,0.6112246713046787
Residual,281.84615384615387,24.0,,
