,sum_sq,df,F,PR(>F)
Crohn_case_control,0.08966634263019962,1.0,0.3138167211822366,0.5788171299674905
Residual,10.286221596243944,36.0,,
