,sum_sq,df,F,PR(>F)
Both_case_control,3.5208333333334627,1.0,0.3479545251096717,0.5581598781158352
Residual,465.45833333333337,46.0,,
