,sum_sq,df,F,PR(>F)
Both_case_control,0.014212852398114142,1.0,2.9177287468866484,0.11332548816322122
Residual,0.058454449872819385,12.0,,
