,sum_sq,df,F,PR(>F)
CASE_CONTROL,9.421999369251758e-05,1.0,8.444106224297926e-05,0.9926868773654427
Residual,109.34916184849908,98.0,,
