,sum_sq,df,F,PR(>F)
Both_case_control,0.030981278878015786,1.0,6.34306123698279,0.04537629064353716
Residual,0.029305672186213366,6.0,,
