,sum_sq,df,F,PR(>F)
UC_case_control,3.5051062091503304,1.0,0.32421148087622714,0.5730632047488553
Residual,345.9575163398693,32.0,,
