,sum_sq,df,F,PR(>F)
UC_case_control,4.318047385620924,1.0,0.6191927505118177,0.437136699476381
Residual,223.1575163398693,32.0,,
