,sum_sq,df,F,PR(>F)
Both_case_control,1.4132910319467313,1.0,11.377849257570952,0.005538298695067812
Residual,1.4905710208874259,12.0,,
