,sum_sq,df,F,PR(>F)
CASE_CONTROL,0.02874662000531275,1.0,0.13702884458555117,0.7124380837397944
Residual,13.845821484440199,66.0,,
