,sum_sq,df,F,PR(>F)
Crohn_case_control,11.564670138889083,1.0,0.7388940313804773,0.3926496136237648
Residual,1220.8032986111111,78.0,,
