,sum_sq,df,F,PR(>F)
CASE_CONTROL,0.3627614379085383,1.0,0.03123605691153112,0.8602560080291557
Residual,766.4941503267974,66.0,,
