,sum_sq,df,F,PR(>F)
Crohn_case_control,0.013625088506084999,1.0,0.011460849100472304,0.9149513095992579
Residual,123.6391119201146,104.0,,
