,sum_sq,df,F,PR(>F)
UC_case_control,0.0011252620389954969,1.0,0.2507999348333986,0.6189003214025843
Residual,0.2063878279241873,46.0,,
