,sum_sq,df,F,PR(>F)
CASE_CONTROL,8.048408029878887,1.0,0.5875406890334295,0.4441377425516604
Residual,3232.8387301587295,236.0,,
