,sum_sq,df,F,PR(>F)
Both_case_control,0.9004393100169868,1.0,0.8097002722465462,0.37289556187675166
Residual,51.154988679773254,46.0,,
