,sum_sq,df,F,PR(>F)
CASE_CONTROL,0.02333360043519643,1.0,5.751455130638286,0.01757086238878634
Residual,0.6815744509994919,168.0,,
