,sum_sq,df,F,PR(>F)
UC_case_control,0.0012045078599154544,1.0,0.14315142262967234,0.7076664551666743
Residual,0.2692551063010191,32.0,,
