,sum_sq,df,F,PR(>F)
Crohn_case_control,0.015308872043175742,1.0,4.09728917259145,0.046375712817499706
Residual,0.2914346459496949,78.0,,
