,sum_sq,df,F,PR(>F)
CASE_CONTROL,0.058823529411784495,1.0,0.006649204110419326,0.9352571879333302
Residual,583.8823529411762,66.0,,
