,sum_sq,df,F,PR(>F)
CASE_CONTROL,0.999999999999956,1.0,0.1279306563625864,0.7213565002563591
Residual,766.04,98.0,,
