,sum_sq,df,F,PR(>F)
CASE_CONTROL,0.022946590566461485,1.0,5.551168670880028,0.01928707420646423
Residual,0.9755414931080463,236.0,,
