,sum_sq,df,F,PR(>F)
Both_case_control,0.01692302942877706,1.0,4.672068599925255,0.03465710623465446
Residual,0.21733023477927277,60.0,,
