,sum_sq,df,F,PR(>F)
Crohn_case_control,0.0023968259094276313,1.0,0.2404353697739387,0.6268672390268396
Residual,0.35887287640134646,36.0,,
