,sum_sq,df,F,PR(>F)
Both_case_control,0.09421503710368978,1.0,0.045091929052756594,0.838865321742019
Residual,12.536394749507416,6.0,,
