,sum_sq,df,F,PR(>F)
Both_case_control,0.1784313882529023,1.0,3.7706705797479385,0.10018856956650768
Residual,0.28392518170839004,6.0,,
