,sum_sq,df,F,PR(>F)
UC_case_control,5.227222222222293,1.0,0.43281037521311355,0.5137560502730417
Residual,579.7149999999999,48.0,,
