,sum_sq,df,F,PR(>F)
CASE_CONTROL,0.5294117647058355,1.0,0.07211363360446124,0.789121441061827
Residual,484.52941176470597,66.0,,
