,sum_sq,df,F,PR(>F)
Both_case_control,0.016554429488233158,1.0,4.3513346323803335,0.04374525749984061
Residual,0.14456905149782456,38.0,,
