,sum_sq,df,F,PR(>F)
CASE_CONTROL,47.89512500000142,1.0,3.4544721138349903,0.0640046369110932
Residual,4408.9658993055555,318.0,,
