,sum_sq,df,F,PR(>F)
UC_case_control,0.000762199847056881,1.0,0.2674675834740309,0.6085921947822442
Residual,0.09119009783923336,32.0,,
