,sum_sq,df,F,PR(>F)
Crohn_case_control,2.9444444444445774,1.0,0.192337091597408,0.6618882429286512
Residual,1592.1121593291412,104.0,,
