,sum_sq,df,F,PR(>F)
Crohn_case_control,0.0026156566771064135,1.0,0.7758634325359879,0.3842521616405301
Residual,0.12136625651765483,36.0,,
