,sum_sq,df,F,PR(>F)
CASE_CONTROL,0.32004156160417435,1.0,2.3984855077808156,0.12623491403714973
Residual,8.806700310405127,66.0,,
