,sum_sq,df,F,PR(>F)
Crohn_case_control,0.4245381278438997,1.0,0.3460842225678888,0.5580377828605141
Residual,95.68183642156197,78.0,,
