,sum_sq,df,F,PR(>F)
UC_case_control,0.008025022798108947,1.0,1.714655631117767,0.19276517954571082
Residual,0.5897119247802353,126.0,,
