,sum_sq,df,F,PR(>F)
Crohn_case_control,0.2689974638891099,1.0,0.21990673320972226,0.6399087103476474
Residual,156.57399332547502,128.0,,
