,sum_sq,df,F,PR(>F)
CASE_CONTROL,0.00030408514548816546,1.0,0.06529765705402243,0.798846195817143
Residual,0.4563769299285214,98.0,,
