,sum_sq,df,F,PR(>F)
UC_case_control,4.970588235294127,1.0,1.1000813669650142,0.30210559351129335
Residual,144.58823529411765,32.0,,
