,sum_sq,df,F,PR(>F)
Crohn_case_control,7.923913043478257,1.0,0.772955396903937,0.38164567999641175
Residual,922.6304347826086,90.0,,
