,sum_sq,df,F,PR(>F)
Crohn_case_control,6.252403846153868,1.0,0.42296121635905515,0.5216407791010704
Residual,354.7788461538461,24.0,,
