,sum_sq,df,F,PR(>F)
Both_case_control,0.019191046720400874,1.0,3.3687432360324348,0.07291428297666946
Residual,0.2620526669103316,46.0,,
