,sum_sq,df,F,PR(>F)
Crohn_case_control,0.00016640263705844697,1.0,0.00104058694359022,0.9745329757825255
Residual,3.83789486693331,24.0,,
