,sum_sq,df,F,PR(>F)
UC_case_control,3.000000000000115,1.0,0.3523404255319284,0.5556989798108968
Residual,391.66666666666663,46.0,,
