,sum_sq,df,F,PR(>F)
Both_case_control,0.03452590820246381,1.0,8.542177385908344,0.012776069035704414
Residual,0.04850179055202439,12.0,,
