,sum_sq,df,F,PR(>F)
Both_case_control,0.004845979118452874,1.0,3.6351864545444226,0.1052002914624824
Residual,0.007998454845244288,6.0,,
