,sum_sq,df,F,PR(>F)
UC_case_control,19.220000000000162,1.0,2.0827162723496655,0.15546965209711136
Residual,442.96,48.0,,
