,sum_sq,df,F,PR(>F)
CASE_CONTROL,0.039561810396740976,1.0,7.163506207809887,0.007825832966424669
Residual,1.756214811742299,318.0,,
