,sum_sq,df,F,PR(>F)
UC_case_control,0.050172405830294545,1.0,0.6014915384650533,0.4437036380111412
Residual,2.6692262216465177,32.0,,
