,sum_sq,df,F,PR(>F)
Both_case_control,0.09931134259256524,1.0,0.005660312446583862,0.9403539461059378
Residual,807.0794328703703,46.0,,
