,sum_sq,df,F,PR(>F)
Both_case_control,5.377870370370552,1.0,0.30963229017190874,0.5806029753839721
Residual,798.9542592592593,46.0,,
