,sum_sq,df,F,PR(>F)
UC_case_control,0.0016531774637284112,1.0,0.3158075833967145,0.5756709998848422
Residual,0.4292504650068515,82.0,,
