,sum_sq,df,F,PR(>F)
Both_case_control,0.013625958509182374,1.0,2.094949374165371,0.15456782738057953
Residual,0.2991929538498296,46.0,,
