,sum_sq,df,F,PR(>F)
Both_case_control,0.031403509431284095,1.0,6.407070633597369,0.044606234522075856
Residual,0.02940830019879335,6.0,,
