,sum_sq,df,F,PR(>F)
Crohn_case_control,4.447368421052594,1.0,0.4162561576354644,0.5229019276260878
Residual,384.63157894736844,36.0,,
