,sum_sq,df,F,PR(>F)
UC_case_control,0.11215372940531573,1.0,0.13056149262459602,0.7202254109958566
Residual,27.48834490801463,32.0,,
