,sum_sq,df,F,PR(>F)
UC_case_control,0.00064821416008457,1.0,0.1340483932325665,0.7148849252668381
Residual,0.6092947643837421,126.0,,
