,sum_sq,df,F,PR(>F)
UC_case_control,11.020833333333583,1.0,2.3749756002342917,0.13014528292240748
Residual,213.45833333333331,46.0,,
