,sum_sq,df,F,PR(>F)
CASE_CONTROL,1.3964274230273854,1.0,8.157488447154213,0.004670645845679714
Residual,40.39930598362426,236.0,,
