,sum_sq,df,F,PR(>F)
Both_case_control,0.2641315876307237,1.0,0.2696140221375048,0.6221801635399584
Residual,5.877993708265254,6.0,,
