,sum_sq,df,F,PR(>F)
Both_case_control,1.7553050969338349,1.0,1.7520378781574835,0.19352909679593702
Residual,38.07086280213983,38.0,,
