,sum_sq,df,F,PR(>F)
UC_case_control,23.04761904761873,1.0,3.167690956979763,0.07881333544833052
Residual,596.6190476190477,82.0,,
