,sum_sq,df,F,PR(>F)
Crohn_case_control,1.2542125243820805,1.0,0.9680992567611452,0.33172151678049633
Residual,46.63948511727343,36.0,,
