,sum_sq,df,F,PR(>F)
UC_case_control,6.951188457876517,1.0,6.101439750772218,0.014844670762690124
Residual,143.5480446367746,126.0,,
