,sum_sq,df,F,PR(>F)
UC_case_control,0.001537291329054207,1.0,0.2156644726849775,0.6445539506788651
Residual,0.32789545842252826,46.0,,
