,sum_sq,df,F,PR(>F)
Crohn_case_control,0.46943507056082184,1.0,2.501151083881024,0.11679969147023384
Residual,19.51951149731018,104.0,,
