,sum_sq,df,F,PR(>F)
UC_case_control,5.225413952998493,1.0,4.086391362486891,0.04666001882613668
Residual,99.74137378898445,78.0,,
