,sum_sq,df,F,PR(>F)
Both_case_control,0.025395645379971965,1.0,4.20844827665038,0.04459598884505565
Residual,0.36206663896820035,60.0,,
