,sum_sq,df,F,PR(>F)
CASE_CONTROL,25.42902369281087,1.0,2.334171514472724,0.13134094305812552
Residual,719.0198120915032,66.0,,
