,sum_sq,df,F,PR(>F)
CASE_CONTROL,51.475031565654184,1.0,3.529157500852478,0.061633046868515506
Residual,3179.6701843434344,218.0,,
