,sum_sq,df,F,PR(>F)
Both_case_control,3.02500000000004,1.0,0.2812232415902178,0.5989860458776256
Residual,408.75,38.0,,
