,sum_sq,df,F,PR(>F)
UC_case_control,1.9191784009651471,1.0,1.6213613562896283,0.20903422538567223
Residual,56.81679959188031,48.0,,
