,sum_sq,df,F,PR(>F)
Crohn_case_control,36.17094017094016,1.0,3.0867979576951114,0.09168262322045471
Residual,281.2307692307693,24.0,,
