,sum_sq,df,F,PR(>F)
Both_case_control,10.285714285714214,1.0,0.981818181818175,0.34131017475108216
Residual,125.71428571428571,12.0,,
