,sum_sq,df,F,PR(>F)
CASE_CONTROL,1.7591277643854062,1.0,1.5838364093450699,0.20945252502193518
Residual,262.11933880635166,236.0,,
