,sum_sq,df,F,PR(>F)
Both_case_control,0.20542978143012725,1.0,0.2005242397394083,0.6622749414833096
Residual,12.293563014452154,12.0,,
