,sum_sq,df,F,PR(>F)
Both_case_control,0.9599784549460779,1.0,5.361018797689066,0.025104803608675934
Residual,8.23705541688361,46.0,,
