,sum_sq,df,F,PR(>F)
CASE_CONTROL,0.001753203536891072,1.0,0.39806554411027933,0.5302688518751237
Residual,0.29068437383456197,66.0,,
