,sum_sq,df,F,PR(>F)
Both_case_control,0.8623600834444708,1.0,0.7494127081697259,0.39011060882042814
Residual,69.04287109440087,60.0,,
