,sum_sq,df,F,PR(>F)
Crohn_case_control,0.6578947368420915,1.0,0.08327165062916184,0.7745668681941967
Residual,284.42105263157896,36.0,,
