,sum_sq,df,F,PR(>F)
Crohn_case_control,0.00795793833562808,1.0,2.2617736121661896,0.13563291659295434
Residual,0.3659188445976566,104.0,,
