,sum_sq,df,F,PR(>F)
UC_case_control,0.14771025090769013,1.0,2.0537760792114,0.15859114571976998
Residual,3.3083799205426203,46.0,,
