,sum_sq,df,F,PR(>F)
CASE_CONTROL,2.0910379350349717,1.0,14.049130199805125,0.00022812704660239944
Residual,32.4465830520915,218.0,,
