,sum_sq,df,F,PR(>F)
Crohn_case_control,0.022433657844548063,1.0,6.094158587766943,0.01545180754407881
Residual,0.3313056555604258,90.0,,
