,sum_sq,df,F,PR(>F)
Crohn_case_control,0.021657581659898256,1.0,4.904253293592,0.029709684579152386
Residual,0.34445434775551403,78.0,,
