,sum_sq,df,F,PR(>F)
UC_case_control,0.004315710572326067,1.0,0.7903520787123779,0.37659428373400416
Residual,0.4477602785676018,82.0,,
