,sum_sq,df,F,PR(>F)
Both_case_control,1.173893100146701,1.0,5.870285473915233,0.018433658359590523
Residual,11.998323816069176,60.0,,
