,sum_sq,df,F,PR(>F)
Crohn_case_control,0.03845665564700603,1.0,0.15556533241617976,0.6967557245040927
Residual,5.9329396928807725,24.0,,
