,sum_sq,df,F,PR(>F)
Both_case_control,3.7717460317459692,1.0,0.16450609057457785,0.692179638685892
Residual,275.1323809523809,12.0,,
