,sum_sq,df,F,PR(>F)
Both_case_control,1.1753468223095165,1.0,1.0504641033451587,0.3107600079299422
Residual,51.46863529564409,46.0,,
