,sum_sq,df,F,PR(>F)
CASE_CONTROL,6.325225000000075,1.0,0.6239459700229788,0.4314918510555147
Residual,993.4707166666668,98.0,,
