,sum_sq,df,F,PR(>F)
UC_case_control,1.8341242885967666,1.0,2.032820352292905,0.1606858852319594
Residual,41.50377438925533,46.0,,
