,sum_sq,df,F,PR(>F)
Both_case_control,0.012128103212469918,1.0,3.3308867693155095,0.07448750597073515
Residual,0.16749075739018954,46.0,,
