,sum_sq,df,F,PR(>F)
Crohn_case_control,1.5076923076923814,1.0,0.14380373724636722,0.7051568339809412
Residual,1342.0,128.0,,
