,sum_sq,df,F,PR(>F)
UC_case_control,57.800000000000416,1.0,5.551191282398611,0.02097960201490702
Residual,812.1500000000001,78.0,,
