,sum_sq,df,F,PR(>F)
Both_case_control,0.03630020557356232,1.0,8.872086471944275,0.011515570927924353
Residual,0.0490980862574131,12.0,,
