,sum_sq,df,F,PR(>F)
Both_case_control,0.03888126585088946,1.0,0.026680388810330316,0.8729683281446238
Residual,17.487570871906538,12.0,,
