,sum_sq,df,F,PR(>F)
CASE_CONTROL,0.016750980256756393,1.0,4.568230329831357,0.035058595698710684
Residual,0.35935054641229713,98.0,,
