,sum_sq,df,F,PR(>F)
Both_case_control,0.04960317460317943,1.0,0.008386447500839462,0.9285446779179494
Residual,70.97619047619047,12.0,,
