,sum_sq,df,F,PR(>F)
CASE_CONTROL,0.01281199669511096,1.0,2.8101361535701423,0.09840156616536652
Residual,0.3009077623527386,66.0,,
