,sum_sq,df,F,PR(>F)
UC_case_control,0.0001015365962260614,1.0,0.021720557963296992,0.8834502327322868
Residual,0.22438450370780222,48.0,,
