,sum_sq,df,F,PR(>F)
Both_case_control,0.006734013775138764,1.0,2.039323793978349,0.2031949466482092
Residual,0.019812490184313296,6.0,,
