,sum_sq,df,F,PR(>F)
CASE_CONTROL,0.018509398038749864,1.0,4.487198719045994,0.034924914294324816
Residual,1.3117289749926329,318.0,,
