,sum_sq,df,F,PR(>F)
UC_case_control,0.04258674208371844,1.0,0.18733555338810376,0.6680468193624534
Residual,7.274517420917547,32.0,,
