,sum_sq,df,F,PR(>F)
Crohn_case_control,0.823075422221592,1.0,0.7399579960904465,0.39818618929231053
Residual,26.6958533290904,24.0,,
