,sum_sq,df,F,PR(>F)
CASE_CONTROL,0.21651638805912554,1.0,0.19340396649949618,0.6615352385814371
Residual,73.8872209838546,66.0,,
