,sum_sq,df,F,PR(>F)
UC_case_control,1.643212601436186,1.0,1.5838192615555502,0.21178283199117243
Residual,85.07500608713951,82.0,,
