,sum_sq,df,F,PR(>F)
UC_case_control,0.0021638919353047337,1.0,0.7791425954976934,0.38199318908529334
Residual,0.12775457226855264,46.0,,
