,sum_sq,df,F,PR(>F)
Crohn_case_control,0.012991460403327309,1.0,2.5754198228522722,0.11156780258795573
Residual,0.524618110786181,104.0,,
