,sum_sq,df,F,PR(>F)
Both_case_control,4.5000000000000435,1.0,0.7297297297297367,0.42575717634512283
Residual,37.0,6.0,,
