,sum_sq,df,F,PR(>F)
Both_case_control,0.004878148572413292,1.0,1.2639255135086669,0.28289582574108796
Residual,0.046314266341897135,12.0,,
