,sum_sq,df,F,PR(>F)
UC_case_control,0.10844643005604057,1.0,0.0933117018697155,0.7613865607672903
Residual,53.460988092822525,46.0,,
