,sum_sq,df,F,PR(>F)
Both_case_control,0.014549672326683881,1.0,2.191371180739764,0.1470297763071311
Residual,0.25230209892024935,38.0,,
