,sum_sq,df,F,PR(>F)
CASE_CONTROL,0.023202858437651717,1.0,5.976987533638327,0.015287402066106896
Residual,0.8462830332070344,218.0,,
