,sum_sq,df,F,PR(>F)
Crohn_case_control,0.0096726293894074,1.0,2.616630706661224,0.10821049697190627
Residual,0.4731644242698418,128.0,,
