,sum_sq,df,F,PR(>F)
CASE_CONTROL,0.03143799927101089,1.0,5.978173123190348,0.0152163632070809
Residual,1.2410761072103422,236.0,,
