,sum_sq,df,F,PR(>F)
Both_case_control,0.6428571428571223,1.0,0.14917127071822725,0.7060892299445258
Residual,51.714285714285715,12.0,,
