,sum_sq,df,F,PR(>F)
Both_case_control,0.5000000000000154,1.0,0.06122448979592026,0.8128205513637966
Residual,49.0,6.0,,
