,sum_sq,df,F,PR(>F)
Both_case_control,15.50000000000006,1.0,1.3976148923792961,0.2417873417333461
Residual,665.4193548387095,60.0,,
