,sum_sq,df,F,PR(>F)
CASE_CONTROL,4.839999999999928,1.0,0.6327641408751239,0.4282657018659942
Residual,749.6000000000001,98.0,,
