,sum_sq,df,F,PR(>F)
Both_case_control,1.2779546664580378e-28,1.0,1.6668973910322232e-29,1.0
Residual,46.0,6.0,,
