,sum_sq,df,F,PR(>F)
UC_case_control,1.0588235294117592,1.0,0.11446740858505504,0.7373241156294126
Residual,296.0,32.0,,
