,sum_sq,df,F,PR(>F)
UC_case_control,0.40690252310633207,1.0,2.8202152909027056,0.09556200772759559
Residual,18.179363141807244,126.0,,
