,sum_sq,df,F,PR(>F)
Both_case_control,1.355647505251827,1.0,12.933160274238329,0.011417531014665394
Residual,0.6289170519067112,6.0,,
