,sum_sq,df,F,PR(>F)
CASE_CONTROL,1.6666314813172707,1.0,10.735038877499818,0.0012771655519556182
Residual,26.08226128068871,168.0,,
