,sum_sq,df,F,PR(>F)
Crohn_case_control,0.9533043406794612,1.0,5.811669199692661,0.01795333901063139
Residual,14.762951522720657,90.0,,
