,sum_sq,df,F,PR(>F)
UC_case_control,37.720888888889256,1.0,2.9068181516304055,0.09218583410268953
Residual,1012.1821111111112,78.0,,
