,sum_sq,df,F,PR(>F)
UC_case_control,0.42426141127897604,1.0,4.287517639443966,0.04170153074184781
Residual,7.718309955233624,78.0,,
