,sum_sq,df,F,PR(>F)
Both_case_control,0.022787387735013136,1.0,6.307844830125158,0.015594619988892854
Residual,0.1661771752539775,46.0,,
