,sum_sq,df,F,PR(>F)
Crohn_case_control,0.001766496610101544,1.0,0.4200858295239917,0.521007004863121
Residual,0.1513830591136939,36.0,,
