,sum_sq,df,F,PR(>F)
CASE_CONTROL,57.800000000001205,1.0,5.952202072538984,0.015244998068292073
Residual,3088.0,318.0,,
