,sum_sq,df,F,PR(>F)
Both_case_control,0.7821500330006868,1.0,3.7467026091023614,0.060378100230100214
Residual,7.932762312605016,38.0,,
