,sum_sq,df,F,PR(>F)
Both_case_control,2.34722222222218,1.0,0.08266079726094253,0.7833952693801499
Residual,170.37499999999997,6.0,,
