,sum_sq,df,F,PR(>F)
UC_case_control,20.82528356481514,1.0,2.5100504360336227,0.1199739823786347
Residual,381.65091435185184,46.0,,
