,sum_sq,df,F,PR(>F)
CASE_CONTROL,0.1844372912433505,1.0,0.17997615280124077,0.6727733768283597
Residual,67.6359675023413,66.0,,
