,sum_sq,df,F,PR(>F)
CASE_CONTROL,3.047318851505964,1.0,2.582984414412772,0.10901025219058195
Residual,375.1657924731243,318.0,,
