,sum_sq,df,F,PR(>F)
CASE_CONTROL,28.005882352940386,1.0,2.801686936053275,0.09602599352366128
Residual,1679.3411764705884,168.0,,
