,sum_sq,df,F,PR(>F)
Crohn_case_control,0.00317743560992742,1.0,0.8330163310540691,0.37047953722058946
Residual,0.09154496952270233,24.0,,
