,sum_sq,df,F,PR(>F)
UC_case_control,64.69531249999982,1.0,7.803500112183061,0.006029197137334292
Residual,1044.609375,126.0,,
