,sum_sq,df,F,PR(>F)
Both_case_control,7.520833333333504,1.0,0.6515734128541308,0.4237049589516494
Residual,530.9583333333333,46.0,,
