,sum_sq,df,F,PR(>F)
UC_case_control,0.8312557870369789,1.0,0.08129852406353483,0.7768252200322794
Residual,470.3377662037037,46.0,,
