,sum_sq,df,F,PR(>F)
Crohn_case_control,0.0007841730132307594,1.0,0.110292726934956,0.7426941465302233
Residual,0.1706381992770676,24.0,,
