,sum_sq,df,F,PR(>F)
UC_case_control,0.0006161453335299088,1.0,0.13001864587103568,0.7207821126542098
Residual,0.15164479325922106,32.0,,
