,sum_sq,df,F,PR(>F)
Both_case_control,0.8157164982524487,1.0,3.8713544846203476,0.05516343556909609
Residual,9.692462694563195,46.0,,
