,sum_sq,df,F,PR(>F)
UC_case_control,0.0010860294332726201,1.0,0.1835847942831784,0.6703101822902331
Residual,0.2721214146607459,46.0,,
