,sum_sq,df,F,PR(>F)
Crohn_case_control,12.164473684210517,1.0,0.9149061920142937,0.3451956176446376
Residual,478.65131578947376,36.0,,
