,sum_sq,df,F,PR(>F)
UC_case_control,9.523177910052775,1.0,0.9696741878203812,0.32765810102972415
Residual,805.3226521164021,82.0,,
