,sum_sq,df,F,PR(>F)
UC_case_control,4.4594301805579714e-05,1.0,0.01048132729203126,0.9187191089994147
Residual,0.33186212432081386,78.0,,
