,sum_sq,df,F,PR(>F)
CASE_CONTROL,0.04487739146322926,1.0,10.405188279780708,0.0014498381998184749
Residual,0.9402301117409636,218.0,,
