,sum_sq,df,F,PR(>F)
CASE_CONTROL,3.566244565260596,1.0,2.987326587170392,0.08533453970547528
Residual,260.2465088904811,218.0,,
