,sum_sq,df,F,PR(>F)
Crohn_case_control,0.04688000216493236,1.0,0.31368487845857024,0.5788965516378521
Residual,5.380176711834914,36.0,,
