,sum_sq,df,F,PR(>F)
UC_case_control,0.006879584516606428,1.0,2.2451205292498906,0.13807280760537438
Residual,0.2390105944443818,78.0,,
