,sum_sq,df,F,PR(>F)
CASE_CONTROL,0.0009673544850149558,1.0,0.13863235924269168,0.7108373619014093
Residual,0.4605374701819686,66.0,,
