,sum_sq,df,F,PR(>F)
CASE_CONTROL,0.03614652431200329,1.0,7.9122385337040235,0.0054955880514243865
Residual,0.7674965888033873,168.0,,
