,sum_sq,df,F,PR(>F)
CASE_CONTROL,13.970222222221569,1.0,0.9562143541190058,0.32954852360245723
Residual,2454.4677908496737,168.0,,
