,sum_sq,df,F,PR(>F)
CASE_CONTROL,3.389059048781073,1.0,2.9645852111658435,0.08694687589318678
Residual,192.05449654500393,168.0,,
