,sum_sq,df,F,PR(>F)
Crohn_case_control,0.010655667914174665,1.0,0.00900912960413508,0.924592211903455
Residual,106.44869753405989,90.0,,
