,sum_sq,df,F,PR(>F)
CASE_CONTROL,0.0017299042345461694,1.0,0.21780961728203016,0.6417498371099759
Residual,0.7783431103779425,98.0,,
