,sum_sq,df,F,PR(>F)
CASE_CONTROL,3.021802777777716,1.0,0.24861290520469348,0.6191707644984084
Residual,1191.155672222222,98.0,,
