,sum_sq,df,F,PR(>F)
CASE_CONTROL,59.072727272724805,1.0,5.633715658357092,0.018486650754754887
Residual,2285.8545454545456,218.0,,
