,sum_sq,df,F,PR(>F)
Crohn_case_control,9.112500000000196,1.0,0.8728930643824448,0.3530390038679796
Residual,814.2750000000001,78.0,,
