,sum_sq,df,F,PR(>F)
Crohn_case_control,13.634133454106351,1.0,0.9100807471504758,0.3426482629938201
Residual,1348.3111413043478,90.0,,
