,sum_sq,df,F,PR(>F)
CASE_CONTROL,0.7132786740063025,1.0,6.168075455228853,0.014705097733903374
Residual,11.332758582478156,98.0,,
