,sum_sq,df,F,PR(>F)
Crohn_case_control,3.056603773584988,1.0,0.2874496690097668,0.5930043908183968
Residual,1105.8867924528302,104.0,,
