,sum_sq,df,F,PR(>F)
Crohn_case_control,0.005080713223265271,1.0,1.3143303307650303,0.2591753178690712
Residual,0.13916263800370954,36.0,,
