,sum_sq,df,F,PR(>F)
UC_case_control,0.20287428209602196,1.0,2.2174086217326434,0.1430034486797717
Residual,4.391597220813537,48.0,,
