,sum_sq,df,F,PR(>F)
Crohn_case_control,0.02753256951460332,1.0,6.330230315238585,0.013642486145061458
Residual,0.3914440917495916,90.0,,
