,sum_sq,df,F,PR(>F)
CASE_CONTROL,0.006930877419180437,1.0,1.7049398394348183,0.19617630287571697
Residual,0.2683014960912333,66.0,,
