,sum_sq,df,F,PR(>F)
Crohn_case_control,8.526315789473658,1.0,0.7497991150347644,0.3922741964112224
Residual,409.3728070175438,36.0,,
