,sum_sq,df,F,PR(>F)
Crohn_case_control,7.538461538461552,1.0,0.8875471698113221,0.35553009679130276
Residual,203.8461538461539,24.0,,
