,sum_sq,df,F,PR(>F)
Crohn_case_control,2.9482109762192855e-05,1.0,0.0063615776913128665,0.9370898845595552
Residual,0.11122565323046524,24.0,,
