,sum_sq,df,F,PR(>F)
Both_case_control,0.11556250000000456,1.0,0.006923880585216096,0.9341214713600188
Residual,634.2360972222223,38.0,,
