,sum_sq,df,F,PR(>F)
UC_case_control,0.0031956325743401435,1.0,0.9975580517141267,0.32291071149433914
Residual,0.15376585182662075,48.0,,
