,sum_sq,df,F,PR(>F)
Both_case_control,8.781362007168436,1.0,0.48985622719731636,0.48669634317396493
Residual,1075.5844086021505,60.0,,
