,sum_sq,df,F,PR(>F)
UC_case_control,0.03055861396036985,1.0,0.026688921919754704,0.8712565410253503
Residual,36.63975823646993,32.0,,
