,sum_sq,df,F,PR(>F)
Crohn_case_control,0.810840816053321,1.0,4.788953116151835,0.031635446918495
Residual,13.206557282602937,78.0,,
