,sum_sq,df,F,PR(>F)
CASE_CONTROL,1.6917638936608177,1.0,9.455118130186905,0.002288193399843783
Residual,56.89838146670574,318.0,,
