,sum_sq,df,F,PR(>F)
UC_case_control,0.00267176255866009,1.0,0.43943593575415596,0.5121418861371083
Residual,0.19455942247962657,32.0,,
