,sum_sq,df,F,PR(>F)
Both_case_control,0.36931478417663377,1.0,1.9544002964042835,0.18741875284411405
Residual,2.2675894074889436,12.0,,
