,sum_sq,df,F,PR(>F)
UC_case_control,58.52267578124986,1.0,5.2715111617952,0.023329015802446416
Residual,1398.8127734375003,126.0,,
