,sum_sq,df,F,PR(>F)
CASE_CONTROL,0.10349215215197506,1.0,0.09286290581794181,0.761214843605932
Residual,109.21724688195144,98.0,,
