,sum_sq,df,F,PR(>F)
UC_case_control,0.22924452215086524,1.0,1.5296541246321418,0.21969488038446008
Residual,12.289085822516636,82.0,,
