,sum_sq,df,F,PR(>F)
UC_case_control,0.040310512761872655,1.0,0.19002467917204938,0.6649350338540677
Residual,9.758119814359816,46.0,,
