,sum_sq,df,F,PR(>F)
CASE_CONTROL,0.03308645917457378,1.0,0.14004264972046473,0.709047094790032
Residual,23.15346792980882,98.0,,
