,sum_sq,df,F,PR(>F)
Crohn_case_control,1.489797008547061,1.0,0.10142660138921418,0.7506433827648349
Residual,1880.1183760683757,128.0,,
