,sum_sq,df,F,PR(>F)
CASE_CONTROL,0.018688065575033407,1.0,4.380468878581868,0.03893588404653805
Residual,0.41809004403797534,98.0,,
