,sum_sq,df,F,PR(>F)
CASE_CONTROL,23.634453781513198,1.0,2.5554400554401204,0.11125315155962966
Residual,2182.6890756302514,236.0,,
