,sum_sq,df,F,PR(>F)
Crohn_case_control,0.0013625813950712514,1.0,0.49725706573606615,0.4874958460085006
Residual,0.06576468337016564,24.0,,
