,sum_sq,df,F,PR(>F)
Crohn_case_control,0.0062821491949855675,1.0,0.005655360731529515,0.9404702396240047
Residual,39.98991076884238,36.0,,
