,sum_sq,df,F,PR(>F)
Crohn_case_control,0.4349045506098386,1.0,2.1217797717271085,0.14766639741456344
Residual,26.23636214268661,128.0,,
