,sum_sq,df,F,PR(>F)
Crohn_case_control,1.531395924869936,1.0,1.3445664967171749,0.257636853371955
Residual,27.334834154066716,24.0,,
