,sum_sq,df,F,PR(>F)
CASE_CONTROL,99.04988662131444,1.0,2.392177047211498,0.12516702453162787
Residual,4057.763575736962,98.0,,
