,sum_sq,df,F,PR(>F)
Both_case_control,0.00859480683065656,1.0,4.299740196728031,0.04494665185548239
Residual,0.07595869625180697,38.0,,
