,sum_sq,df,F,PR(>F)
Both_case_control,2.182909374426727,1.0,1.1029680505289212,0.2978274192431835
Residual,118.74737659245488,60.0,,
