,sum_sq,df,F,PR(>F)
Both_case_control,33.333333333333805,1.0,0.7902422264215881,0.3786521331556235
Residual,1940.3333333333335,46.0,,
