,sum_sq,df,F,PR(>F)
Crohn_case_control,0.7625729326005576,1.0,0.4732666942566949,0.49589723130786556
Residual,58.006671305566364,36.0,,
