,sum_sq,df,F,PR(>F)
CASE_CONTROL,0.31789989172135896,1.0,1.260431514086009,0.2643124238376531
Residual,24.71708223773219,98.0,,
