,sum_sq,df,F,PR(>F)
Both_case_control,88.44300332037535,1.0,1.7841872628148738,0.2064176555885889
Residual,594.845654356981,12.0,,
