,sum_sq,df,F,PR(>F)
UC_case_control,0.00016772296159924116,1.0,0.07224632253374368,0.788803447902489
Residual,0.18108037261869617,78.0,,
