,sum_sq,df,F,PR(>F)
Both_case_control,1.7580975760334436,1.0,8.250014644344855,0.00562545200842185
Residual,12.786141493011058,60.0,,
