,sum_sq,df,F,PR(>F)
CASE_CONTROL,338.7681818181756,1.0,9.650104951052363,0.0021450709476297713
Residual,7652.918181818181,218.0,,
