,sum_sq,df,F,PR(>F)
Both_case_control,0.8568045245375083,1.0,3.973911132277291,0.053425088745518094
Residual,8.193080028381834,38.0,,
