,sum_sq,df,F,PR(>F)
UC_case_control,0.10472666336993063,1.0,1.319330039154647,0.2566502415659305
Residual,3.651418805034976,46.0,,
