,sum_sq,df,F,PR(>F)
UC_case_control,88.9705882352941,1.0,3.831538948701709,0.059066734981203795
Residual,743.0588235294118,32.0,,
