,sum_sq,df,F,PR(>F)
Both_case_control,0.007391607502287904,1.0,4.7537706445262335,0.0720300994108051
Residual,0.009329361538465085,6.0,,
