,sum_sq,df,F,PR(>F)
Both_case_control,61.16970025510233,1.0,1.0594529546129252,0.3430337165764048
Residual,346.42236819727907,6.0,,
