,sum_sq,df,F,PR(>F)
UC_case_control,0.6299728274272113,1.0,0.44001171977261677,0.5118674830288206
Residual,45.814985310137466,32.0,,
