,sum_sq,df,F,PR(>F)
CASE_CONTROL,0.03443550019553729,1.0,7.598329180611697,0.006298737937240593
Residual,1.0695480352290503,236.0,,
