,sum_sq,df,F,PR(>F)
Both_case_control,36.066833018392686,1.0,0.6852500444016717,0.4129534633438747
Residual,2000.0577393550016,38.0,,
