,sum_sq,df,F,PR(>F)
CASE_CONTROL,278.38735297360023,1.0,6.300090485505892,0.012743770074489716
Residual,10428.328839549047,236.0,,
