,sum_sq,df,F,PR(>F)
Both_case_control,24.500000000000167,1.0,0.8376068376068431,0.39537417968749844
Residual,175.50000000000003,6.0,,
