,sum_sq,df,F,PR(>F)
Crohn_case_control,0.006225908947623187,1.0,2.6287670639573224,0.10844156868019582
Residual,0.21315384423698933,90.0,,
