,sum_sq,df,F,PR(>F)
UC_case_control,207.42857142857002,1.0,9.121115395418851,0.0033681788532402726
Residual,1864.8095238095236,82.0,,
