,sum_sq,df,F,PR(>F)
UC_case_control,0.687509002121054,1.0,0.5351698026155784,0.46815200999032336
Residual,59.094167763209086,46.0,,
