,sum_sq,df,F,PR(>F)
UC_case_control,0.08396954648646054,1.0,0.3700239873009839,0.5459832199031465
Residual,10.43878037894684,46.0,,
