,sum_sq,df,F,PR(>F)
CASE_CONTROL,21.50493405297279,1.0,0.6399173225209188,0.4256755759335057
Residual,3293.368475929076,98.0,,
