,sum_sq,df,F,PR(>F)
Crohn_case_control,0.021750901833366736,1.0,5.948186654426182,0.017004661474196523
Residual,0.2852247990133511,78.0,,
