,sum_sq,df,F,PR(>F)
CASE_CONTROL,3.163912252400731,1.0,0.08633049192726469,0.7698170804431385
Residual,2418.8233380435513,66.0,,
