,sum_sq,df,F,PR(>F)
CASE_CONTROL,0.006878358141402488,1.0,3.0823733617106464,0.08054939739155416
Residual,0.48646996935944337,218.0,,
