,sum_sq,df,F,PR(>F)
CASE_CONTROL,0.012728091325570215,1.0,4.203477403352225,0.04301139609777798
Residual,0.2967431081968304,98.0,,
