,sum_sq,df,F,PR(>F)
CASE_CONTROL,346.5896570331776,1.0,7.398691015712225,0.007213733569522875
Residual,7869.914050731403,168.0,,
