,sum_sq,df,F,PR(>F)
Both_case_control,97.74400361877133,1.0,1.8981556715328782,0.1734021338917928
Residual,3089.6518684319603,60.0,,
