,sum_sq,df,F,PR(>F)
Both_case_control,0.006026965207983054,1.0,3.1910008730647075,0.09931445028949216
Residual,0.02266485826007797,12.0,,
