,sum_sq,df,F,PR(>F)
UC_case_control,237.25843296147738,1.0,7.566770668720715,0.00731449340225148
Residual,2571.1353435441647,82.0,,
