,sum_sq,df,F,PR(>F)
Both_case_control,52.403225806451616,1.0,1.3267000598900203,0.25396213050678407
Residual,2369.935483870968,60.0,,
