,sum_sq,df,F,PR(>F)
CASE_CONTROL,2.5201191316899823,1.0,16.411646045965615,7.087999529484239e-05
Residual,33.475372864470756,218.0,,
