,sum_sq,df,F,PR(>F)
UC_case_control,342.7081473263482,1.0,9.020100518719506,0.0032215235075460508
Residual,4787.222323465845,126.0,,
