,sum_sq,df,F,PR(>F)
Crohn_case_control,0.34615384615383954,1.0,0.010657193605683632,0.918635293691254
Residual,779.5384615384615,24.0,,
