,sum_sq,df,F,PR(>F)
CASE_CONTROL,2.661675279770615,1.0,14.27229328937767,0.00018879619454310328
Residual,59.304606611259075,318.0,,
