,sum_sq,df,F,PR(>F)
Both_case_control,0.021063009793812648,1.0,4.537104350298781,0.03854863733986442
Residual,0.21354995955770273,46.0,,
