,sum_sq,df,F,PR(>F)
CASE_CONTROL,17.51060748282095,1.0,10.080097274659959,0.001715479823579812
Residual,378.69797554942147,218.0,,
