,sum_sq,df,F,PR(>F)
UC_case_control,0.4581173130087717,1.0,4.425799722988021,0.03862204577595634
Residual,8.073829059431414,78.0,,
