,sum_sq,df,F,PR(>F)
Crohn_case_control,153.91159444937398,1.0,2.7913655362340277,0.09824758084142302
Residual,4962.461318889876,90.0,,
