,sum_sq,df,F,PR(>F)
Crohn_case_control,0.0009888215130889045,1.0,0.4075991003020762,0.5292363791984933
Residual,0.05822318129884455,24.0,,
