,sum_sq,df,F,PR(>F)
Both_case_control,0.8066198808849606,1.0,3.6168464166653447,0.08146999947951931
Residual,2.6762094530803338,12.0,,
