,sum_sq,df,F,PR(>F)
CASE_CONTROL,23.03999999999969,1.0,0.9201277955271441,0.33980203564492484
Residual,2453.92,98.0,,
