,sum_sq,df,F,PR(>F)
UC_case_control,51.365997065492785,1.0,1.4307241423361325,0.2404342487550281
Residual,1148.8671068427373,32.0,,
