,sum_sq,df,F,PR(>F)
Crohn_case_control,16.961538461538435,1.0,0.5569353820248362,0.462745712690793
Residual,730.9230769230767,24.0,,
