,sum_sq,df,F,PR(>F)
CASE_CONTROL,0.005441344405423413,1.0,2.309968722244215,0.13042640945410108
Residual,0.39573949694998845,168.0,,
