,sum_sq,df,F,PR(>F)
Crohn_case_control,38.828274406253485,1.0,1.0248595392623259,0.318125162455954
Residual,1363.9116630862875,36.0,,
