,sum_sq,df,F,PR(>F)
Crohn_case_control,122.5125000000008,1.0,3.23879205890579,0.07578064686974126
Residual,2950.4750000000004,78.0,,
