,sum_sq,df,F,PR(>F)
CASE_CONTROL,0.04381785956171114,1.0,9.090000913113665,0.002777038091998101
Residual,1.532901863686524,318.0,,
