,sum_sq,df,F,PR(>F)
UC_case_control,173.87572800453563,1.0,5.239645311231177,0.026519415149959348
Residual,1592.8625791383222,48.0,,
