,sum_sq,df,F,PR(>F)
Both_case_control,0.27385529825567134,1.0,0.18077480039297203,0.6782330354904712
Residual,18.17877033703983,12.0,,
