,sum_sq,df,F,PR(>F)
Both_case_control,0.007231163316384289,1.0,3.929825608579455,0.053428526929492064
Residual,0.08464332662179301,46.0,,
