,sum_sq,df,F,PR(>F)
CASE_CONTROL,16.88512494670293,1.0,10.499856803011589,0.0013202121176160138
Residual,511.38504398569034,318.0,,
