,sum_sq,df,F,PR(>F)
CASE_CONTROL,1.0226474822454903,1.0,0.6574054482932307,0.42039160767224715
Residual,102.66835178113226,66.0,,
