,sum_sq,df,F,PR(>F)
CASE_CONTROL,0.7401541970045884,1.0,6.607867782256924,0.011657286161718282
Residual,10.977082728746009,98.0,,
