,sum_sq,df,F,PR(>F)
Both_case_control,0.012479721629764722,1.0,6.924814556451528,0.010789699849011444
Residual,0.10813044763607088,60.0,,
