,sum_sq,df,F,PR(>F)
CASE_CONTROL,0.2499730319548115,1.0,1.987462649785993,0.1633014845566691
Residual,8.301147249632118,66.0,,
