,sum_sq,df,F,PR(>F)
CASE_CONTROL,0.006303377564975102,1.0,2.324916096572345,0.13053785217373698
Residual,0.2657003417363272,98.0,,
