,sum_sq,df,F,PR(>F)
Crohn_case_control,0.01825107070852154,1.0,4.28848564678904,0.04084732372742096
Residual,0.44260643733468763,104.0,,
