,sum_sq,df,F,PR(>F)
Both_case_control,7.142857142857046,1.0,0.32432432432431996,0.579525093488063
Residual,264.2857142857143,12.0,,
