,sum_sq,df,F,PR(>F)
Crohn_case_control,57.396226415095306,1.0,1.5851688545946763,0.2108363765017707
Residual,3765.660377358489,104.0,,
