,sum_sq,df,F,PR(>F)
Crohn_case_control,49.95133547008508,1.0,0.9839858330847915,0.3230882361101396
Residual,6497.8282462933885,128.0,,
