,sum_sq,df,F,PR(>F)
Crohn_case_control,0.0011734726375423141,1.0,0.41167669669784995,0.5251841977423282
Residual,0.10261696931203525,36.0,,
