,sum_sq,df,F,PR(>F)
Both_case_control,0.016001279893748607,1.0,3.0732211711898585,0.08625402534793829
Residual,0.2395072902701162,46.0,,
