,sum_sq,df,F,PR(>F)
Crohn_case_control,0.001921023709582667,1.0,0.006563751196546797,0.9358771939365712
Residual,10.53617839465938,36.0,,
