,sum_sq,df,F,PR(>F)
Both_case_control,0.019045960029561746,1.0,7.385984784193762,0.034747976796341604
Residual,0.015471973408600051,6.0,,
