,sum_sq,df,F,PR(>F)
UC_case_control,0.00609260237361851,1.0,0.06871691599039163,0.7948943511664568
Residual,2.8371947888792497,32.0,,
