,sum_sq,df,F,PR(>F)
CASE_CONTROL,0.004867962423913658,1.0,0.7842694548816104,0.37905381752803513
Residual,0.4096621613636619,66.0,,
