,sum_sq,df,F,PR(>F)
Crohn_case_control,0.044337990359226545,1.0,0.0384404162506444,0.8456639830102131
Residual,41.52316256214832,36.0,,
