,sum_sq,df,F,PR(>F)
UC_case_control,8.856752942750493e-06,1.0,0.0033116962629681497,0.9544670486878619
Residual,0.08558034060587444,32.0,,
