,sum_sq,df,F,PR(>F)
Crohn_case_control,0.00026983540726199367,1.0,0.1703497657560407,0.683465117971263
Residual,0.03801619418462983,24.0,,
