,sum_sq,df,F,PR(>F)
CASE_CONTROL,54.759999999999614,1.0,2.2285306136008614,0.13869513177517465
Residual,2408.08,98.0,,
