,sum_sq,df,F,PR(>F)
Crohn_case_control,4.447368421052552,1.0,0.18226482923906207,0.6719765752948132
Residual,878.4210526315788,36.0,,
