,sum_sq,df,F,PR(>F)
Both_case_control,0.4179700377055355,1.0,0.2576783433355987,0.620920092198858
Residual,19.464734162521708,12.0,,
