,sum_sq,df,F,PR(>F)
UC_case_control,9.392012593490918e-05,1.0,0.03553243659814138,0.8507875935173429
Residual,0.3330459996773079,126.0,,
