,sum_sq,df,F,PR(>F)
CASE_CONTROL,56.468643790849,1.0,1.3786620007961505,0.24454859335025958
Residual,2703.2952877817797,66.0,,
