,sum_sq,df,F,PR(>F)
Both_case_control,0.01433516012420572,1.0,7.58436956467363,0.008403420739995488
Residual,0.08694425556276794,46.0,,
