,sum_sq,df,F,PR(>F)
Both_case_control,21.33333333333372,1.0,0.5771417369143409,0.4513108359866348
Residual,1700.3333333333335,46.0,,
