,sum_sq,df,F,PR(>F)
CASE_CONTROL,0.041555902934576526,1.0,11.638265721211354,0.0007699235192134572
Residual,0.7783966320022094,218.0,,
