,sum_sq,df,F,PR(>F)
Both_case_control,7.600357851474018,1.0,0.19169289816964297,0.6768329794792309
Residual,237.89168792517006,6.0,,
