,sum_sq,df,F,PR(>F)
UC_case_control,0.0025896686267265936,1.0,0.52482307756018,0.4708535244283033
Residual,0.40461793025332576,82.0,,
