,sum_sq,df,F,PR(>F)
CASE_CONTROL,19.058823529411395,1.0,0.7081967213114615,0.40308200567700314
Residual,1776.1764705882356,66.0,,
