,sum_sq,df,F,PR(>F)
Crohn_case_control,0.004037706941850253,1.0,1.6778906776644662,0.1990256333836752
Residual,0.18770063250050406,78.0,,
