,sum_sq,df,F,PR(>F)
Crohn_case_control,0.39199734039471873,1.0,0.2964227818100886,0.5911570014243414
Residual,31.738235880603476,24.0,,
