,sum_sq,df,F,PR(>F)
Both_case_control,4.353707182673353,1.0,3.64351724481475,0.10488228774249692
Residual,7.169512682618926,6.0,,
