,sum_sq,df,F,PR(>F)
Crohn_case_control,5.921052631578988,1.0,0.19538788112697927,0.6611137954589521
Residual,1090.947368421053,36.0,,
