,sum_sq,df,F,PR(>F)
UC_case_control,0.00013974771230117485,1.0,0.05423931646791762,0.8168774056825179
Residual,0.11851909619208453,46.0,,
