,sum_sq,df,F,PR(>F)
UC_case_control,28.184134542706538,1.0,0.7721736491773628,0.3841126481703008
Residual,1678.9878680083148,46.0,,
