,sum_sq,df,F,PR(>F)
Crohn_case_control,0.02546430718481383,1.0,7.1049918574321005,0.0091115236997644
Residual,0.3225602073330942,90.0,,
