,sum_sq,df,F,PR(>F)
Both_case_control,1.0576772886779382,1.0,15.558831751160877,0.007585621704528103
Residual,0.4078753362439398,6.0,,
