,sum_sq,df,F,PR(>F)
UC_case_control,11.020833333333636,1.0,0.5096125654450402,0.47891330096959195
Residual,994.7916666666666,46.0,,
