,sum_sq,df,F,PR(>F)
Both_case_control,3.2392686432979967,1.0,1.61034698830609,0.2108266984917873
Residual,92.5305904092424,46.0,,
