,sum_sq,df,F,PR(>F)
UC_case_control,4.2262023091695955,1.0,2.9550356753831304,0.08938353013080204
Residual,117.27391051107212,82.0,,
