,sum_sq,df,F,PR(>F)
Crohn_case_control,0.01712257836253592,1.0,0.06876992304130894,0.7953740567181934
Residual,5.975604777891291,24.0,,
