,sum_sq,df,F,PR(>F)
CASE_CONTROL,376.27812500000414,1.0,11.80498589508422,0.0006691670136213325
Residual,10136.09375,318.0,,
