,sum_sq,df,F,PR(>F)
UC_case_control,0.0004103333875118945,1.0,0.1180958404678856,0.7333567397488152
Residual,0.11118654432161236,32.0,,
