,sum_sq,df,F,PR(>F)
UC_case_control,204.80000000000095,1.0,7.265218874360466,0.008607756125851598
Residual,2198.75,78.0,,
