,sum_sq,df,F,PR(>F)
CASE_CONTROL,0.0036140034375046234,1.0,1.1003298190876183,0.29801978158430953
Residual,0.21677520933958408,66.0,,
