,sum_sq,df,F,PR(>F)
CASE_CONTROL,0.0022414718555955862,1.0,0.8460562109404424,0.36102011158215064
Residual,0.17485498074042582,66.0,,
