,sum_sq,df,F,PR(>F)
CASE_CONTROL,9.792461725730263,1.0,6.194136358468593,0.013507999926013127
Residual,373.09817439080524,236.0,,
