,sum_sq,df,F,PR(>F)
Both_case_control,0.02018448522428273,1.0,4.082924494169758,0.06621203138286567
Residual,0.05932361057307422,12.0,,
