,sum_sq,df,F,PR(>F)
Crohn_case_control,64.84923164137443,1.0,1.394810519975928,0.24916635459597347
Residual,1115.8372675736964,24.0,,
