,sum_sq,df,F,PR(>F)
Crohn_case_control,119.83695652173931,1.0,3.0972001123700763,0.08182485163411038
Residual,3482.282608695653,90.0,,
