,sum_sq,df,F,PR(>F)
CASE_CONTROL,1.7123696998892832,1.0,1.2216963622369101,0.27173419013238836
Residual,137.36001495648864,98.0,,
