,sum_sq,df,F,PR(>F)
Crohn_case_control,2.4611465148629468,1.0,1.5804512903750392,0.21098476237052066
Residual,199.32708829495257,128.0,,
