,sum_sq,df,F,PR(>F)
Both_case_control,1.7689284729335966,1.0,0.8205964015435266,0.3697264560094009
Residual,99.1604515958011,46.0,,
