,sum_sq,df,F,PR(>F)
Both_case_control,1.2938022973747936,1.0,13.820117543026228,0.002940034323335443
Residual,1.1234077800106637,12.0,,
