,sum_sq,df,F,PR(>F)
UC_case_control,306.2812499999992,1.0,12.03748903401888,0.0007143690594203319
Residual,3205.9375,126.0,,
