,sum_sq,df,F,PR(>F)
CASE_CONTROL,0.32756006563366874,1.0,1.4616715712113937,0.2309777114864017
Residual,14.790575911594782,66.0,,
