,sum_sq,df,F,PR(>F)
Crohn_case_control,0.017323431558402914,1.0,3.166047721763657,0.07755743946085032
Residual,0.7003682301542706,128.0,,
