,sum_sq,df,F,PR(>F)
CASE_CONTROL,0.008315869115944176,1.0,3.5014571133008574,0.06255219534804086
Residual,0.5604938309561973,236.0,,
