,sum_sq,df,F,PR(>F)
CASE_CONTROL,246.06722689075883,1.0,7.842508676004377,0.005525954547641678
Residual,7404.756302521007,236.0,,
