,sum_sq,df,F,PR(>F)
Crohn_case_control,65.10769230769186,1.0,1.8653058132407605,0.17440875011179124
Residual,4467.784615384616,128.0,,
