,sum_sq,df,F,PR(>F)
Both_case_control,73.05249202150083,1.0,1.2730172560657205,0.265051789741021
Residual,2639.724337574536,46.0,,
