,sum_sq,df,F,PR(>F)
UC_case_control,0.004753043437236888,1.0,1.788552341839009,0.18498952353642678
Residual,0.2072834993038454,78.0,,
