,sum_sq,df,F,PR(>F)
UC_case_control,21.44117647058828,1.0,0.9391304347826107,0.33976962182242876
Residual,730.5882352941177,32.0,,
