,sum_sq,df,F,PR(>F)
Crohn_case_control,0.000579465855949622,1.0,0.1510054373715586,0.7010023424892667
Residual,0.09209721705961763,24.0,,
