,sum_sq,df,F,PR(>F)
Crohn_case_control,2.3544766460697323e-05,1.0,0.0024996244381016454,0.9604017514642487
Residual,0.3390955775855781,36.0,,
