,sum_sq,df,F,PR(>F)
UC_case_control,0.2985600167524259,1.0,1.7793512754246732,0.1859221073116373
Residual,13.758902871978377,82.0,,
