,sum_sq,df,F,PR(>F)
Crohn_case_control,4.00075433879702,1.0,2.3060415480510676,0.1323770237816984
Residual,156.1411115060092,90.0,,
