,sum_sq,df,F,PR(>F)
UC_case_control,0.15898945953471308,1.0,1.4494794730136258,0.23451516013325485
Residual,5.26498939774533,48.0,,
