,sum_sq,df,F,PR(>F)
Crohn_case_control,5.07931267947897,1.0,3.0883890670791536,0.08277656811431836
Residual,128.2825383700938,78.0,,
