,sum_sq,df,F,PR(>F)
Both_case_control,0.4342665745834709,1.0,6.084147191743597,0.04868122625155608
Residual,0.4282604226006755,6.0,,
