,sum_sq,df,F,PR(>F)
UC_case_control,67.57324467286905,1.0,2.424928962826951,0.1292547979615628
Residual,891.7142987194879,32.0,,
