,sum_sq,df,F,PR(>F)
CASE_CONTROL,2.20432709427783,1.0,12.233062506034322,0.0005609103669493074
Residual,42.525834719879285,236.0,,
