,sum_sq,df,F,PR(>F)
UC_case_control,0.00545881709519163,1.0,1.3441815245251008,0.2484902864865374
Residual,0.5116949916694837,126.0,,
