,sum_sq,df,F,PR(>F)
Crohn_case_control,0.004011711235869757,1.0,1.8424945808425612,0.17759717043233977
Residual,0.22644189723459787,104.0,,
