,sum_sq,df,F,PR(>F)
UC_case_control,0.0006246983992182525,1.0,0.24129288602389204,0.6256094627175413
Residual,0.11909230660531887,46.0,,
