,sum_sq,df,F,PR(>F)
UC_case_control,7.9864592365805e-07,1.0,0.0002441565874104661,0.9876007299800691
Residual,0.15046783245912737,46.0,,
