,sum_sq,df,F,PR(>F)
CASE_CONTROL,0.030779248260410695,1.0,7.930049123323306,0.005444206191818471
Residual,0.6520657851337475,168.0,,
