,sum_sq,df,F,PR(>F)
Both_case_control,0.027105207529081757,1.0,11.596887253151491,0.005217199523385988
Residual,0.028047396102828366,12.0,,
