,sum_sq,df,F,PR(>F)
Both_case_control,0.01791922068699672,1.0,6.939558226177181,0.021801789005883473
Residual,0.03098621572664797,12.0,,
