,sum_sq,df,F,PR(>F)
Both_case_control,0.014073041947298474,1.0,2.6205711592445313,0.11375781233707814
Residual,0.20406833529813753,38.0,,
