,sum_sq,df,F,PR(>F)
CASE_CONTROL,469.82956890402625,1.0,9.268475492681885,0.0026181460764909672
Residual,11050.66805236177,218.0,,
