,sum_sq,df,F,PR(>F)
Crohn_case_control,0.14553658642943726,1.0,0.003106657597124722,0.9560124286218477
Residual,1124.3202590266876,24.0,,
