,sum_sq,df,F,PR(>F)
UC_case_control,0.4750426497890664,1.0,0.3167556764454599,0.5774861203406843
Residual,47.99082044506802,32.0,,
