,sum_sq,df,F,PR(>F)
CASE_CONTROL,0.0029127627025069035,1.0,1.1733625200821594,0.2826529183291691
Residual,0.16383882651373144,66.0,,
