,sum_sq,df,F,PR(>F)
Crohn_case_control,4.122674125666329e-05,1.0,0.02109485445119243,0.8853310032696518
Residual,0.07035662126391126,36.0,,
