,sum_sq,df,F,PR(>F)
Crohn_case_control,0.9774249475654606,1.0,5.18436393788067,0.024838389149413432
Residual,19.60745730137969,104.0,,
