,sum_sq,df,F,PR(>F)
UC_case_control,0.001813943624856752,1.0,0.2415232171737909,0.6264622270933736
Residual,0.24033381417591929,32.0,,
