,sum_sq,df,F,PR(>F)
CASE_CONTROL,422.90981166738146,1.0,9.292470510395917,0.002494077886096619
Residual,14472.504374350432,318.0,,
