,sum_sq,df,F,PR(>F)
UC_case_control,2.21818731886646,1.0,1.557026186240822,0.2184159778378585
Residual,65.53301259127016,46.0,,
