,sum_sq,df,F,PR(>F)
UC_case_control,91.17500039695753,1.0,3.216857254712543,0.07945868868690749
Residual,1303.7724978675885,46.0,,
