,sum_sq,df,F,PR(>F)
CASE_CONTROL,0.0006609480581324335,1.0,0.25619286232647337,0.613884612010388
Residual,0.2528287053307388,98.0,,
