,sum_sq,df,F,PR(>F)
CASE_CONTROL,0.06304522494377725,1.0,0.043327670895924195,0.8357505188048762
Residual,96.03527630839531,66.0,,
