,sum_sq,df,F,PR(>F)
CASE_CONTROL,12.558695028060269,1.0,7.6974706223705285,0.006156028869321676
Residual,274.0979301151744,168.0,,
