,sum_sq,df,F,PR(>F)
Crohn_case_control,46.822665094340394,1.0,0.878510658826861,0.3507814621878165
Residual,5542.968797116331,104.0,,
