,sum_sq,df,F,PR(>F)
Both_case_control,0.500000000000026,1.0,0.016172506738545315,0.9029598571545321
Residual,185.5,6.0,,
