,sum_sq,df,F,PR(>F)
CASE_CONTROL,1.3086362064397905,1.0,0.9906618563277902,0.32203191129131425
Residual,129.4552196715095,98.0,,
