,sum_sq,df,F,PR(>F)
CASE_CONTROL,21.23529411764667,1.0,0.8013318534961007,0.3739486197360372
Residual,1749.0,66.0,,
