,sum_sq,df,F,PR(>F)
CASE_CONTROL,0.0051974673997727825,1.0,0.7079311199731604,0.40217990667972014
Residual,0.7194934518446422,98.0,,
