,sum_sq,df,F,PR(>F)
Crohn_case_control,0.022150880960125612,1.0,0.14242963135378472,0.7091942892983195
Residual,3.7325178615572403,24.0,,
