,sum_sq,df,F,PR(>F)
Both_case_control,20.64285714285698,1.0,0.5846257585974329,0.4592773965097061
Residual,423.7142857142857,12.0,,
