,sum_sq,df,F,PR(>F)
Crohn_case_control,19.98065535863479,1.0,0.44797230001007937,0.507569517848756
Residual,1605.6876572383342,36.0,,
