,sum_sq,df,F,PR(>F)
Both_case_control,0.01243992106321389,1.0,3.2717817746975246,0.12047395574608902
Residual,0.022813112707122326,6.0,,
