,sum_sq,df,F,PR(>F)
Both_case_control,0.05039216412436645,1.0,0.01817637342099837,0.8971633557985262
Residual,16.634395527817638,6.0,,
