,sum_sq,df,F,PR(>F)
Both_case_control,0.008141904655513251,1.0,6.677901251659265,0.041536353933840545
Residual,0.007315386390438365,6.0,,
