,sum_sq,df,F,PR(>F)
Crohn_case_control,1.1308653181744615,1.0,6.558141913225434,0.01237022075993498
Residual,13.450074119275298,78.0,,
