,sum_sq,df,F,PR(>F)
CASE_CONTROL,0.006912011230720877,1.0,2.949033556339538,0.08690253481378449
Residual,0.7453355580319376,318.0,,
