,sum_sq,df,F,PR(>F)
Both_case_control,0.031974149958466334,1.0,6.32161067482902,0.014627262785003651
Residual,0.30347471494040845,60.0,,
