,sum_sq,df,F,PR(>F)
Crohn_case_control,155.4363112953528,1.0,2.8556650014569778,0.09504587934380841
Residual,4245.60733659297,78.0,,
