,sum_sq,df,F,PR(>F)
UC_case_control,102.08333333333428,1.0,4.831518477235747,0.03301479590258702
Residual,971.9166666666667,46.0,,
