,sum_sq,df,F,PR(>F)
Crohn_case_control,0.003957224891248034,1.0,1.7269432803629303,0.19115190132547727
Residual,0.2933071351210205,128.0,,
