,sum_sq,df,F,PR(>F)
Crohn_case_control,2.7153669719940376,1.0,1.7347059685587847,0.19070565081539165
Residual,162.79310165860548,104.0,,
