,sum_sq,df,F,PR(>F)
Both_case_control,3.501341730323681,1.0,1.765639528108481,0.19184697461844682
Residual,75.35569046465368,38.0,,
