,sum_sq,df,F,PR(>F)
UC_case_control,15.11539453460131,1.0,10.017823702624892,0.0019441050459942048
Residual,190.11511560746806,126.0,,
