,sum_sq,df,F,PR(>F)
Both_case_control,24.793741901522292,1.0,0.6683956757216943,0.42954573848346755
Residual,445.1328960155489,12.0,,
