,sum_sq,df,F,PR(>F)
UC_case_control,0.14085790130653444,1.0,0.5616904116120766,0.45905449007430443
Residual,8.024799335407046,32.0,,
