,sum_sq,df,F,PR(>F)
UC_case_control,256.6477425063792,1.0,5.854067670901291,0.017869011072737875
Residual,3419.592160678855,78.0,,
