,sum_sq,df,F,PR(>F)
UC_case_control,14.16871582261384,1.0,9.143255808471753,0.0033780178697427167
Residual,120.87158637078548,78.0,,
