,sum_sq,df,F,PR(>F)
Crohn_case_control,0.003024440657543828,1.0,0.8568941450350565,0.3607734951796866
Residual,0.12706337685050167,36.0,,
