,sum_sq,df,F,PR(>F)
Crohn_case_control,1.178465612329047,1.0,7.029192729666281,0.009475469410412437
Residual,15.088774655727734,90.0,,
