,sum_sq,df,F,PR(>F)
Crohn_case_control,0.09619606385208242,1.0,0.05360998513122208,0.818859357074939
Residual,43.064841872254206,24.0,,
