,sum_sq,df,F,PR(>F)
UC_case_control,0.0007442037940538925,1.0,0.2956290580617784,0.5891522748338747
Residual,0.12083312225390902,48.0,,
