,sum_sq,df,F,PR(>F)
UC_case_control,6.657851925945394e-05,1.0,0.0232478552136298,0.8791888470451669
Residual,0.2348362259273902,82.0,,
