,sum_sq,df,F,PR(>F)
Both_case_control,22.500000000000046,1.0,0.5662626664017497,0.45638431480214803
Residual,1509.8999999999999,38.0,,
