,sum_sq,df,F,PR(>F)
UC_case_control,0.001001570675379643,1.0,0.15951121299334137,0.6914552646566465
Residual,0.2888339333823937,46.0,,
