,sum_sq,df,F,PR(>F)
Crohn_case_control,0.000198200584974773,1.0,0.031089108619533467,0.8615211351220777
Residual,0.15300580333801586,24.0,,
