,sum_sq,df,F,PR(>F)
Crohn_case_control,0.11662660981103477,1.0,0.8118907209080313,0.37355060169584275
Residual,5.171333832343248,36.0,,
