,sum_sq,df,F,PR(>F)
Both_case_control,1.2410374259317811,1.0,6.55432084276663,0.013812319444909921
Residual,8.709936996121288,46.0,,
