,sum_sq,df,F,PR(>F)
UC_case_control,0.0009510099226140439,1.0,0.309146165769376,0.5807873265604052
Residual,0.14765984941740476,48.0,,
