,sum_sq,df,F,PR(>F)
CASE_CONTROL,249.62352941175862,1.0,7.512632670437601,0.006789830280411023
Residual,5582.164705882351,168.0,,
