,sum_sq,df,F,PR(>F)
UC_case_control,118.58000000000077,1.0,5.282744282744316,0.02593606757249886
Residual,1077.44,48.0,,
