,sum_sq,df,F,PR(>F)
Both_case_control,1.0442842523679392,1.0,4.800194532362647,0.03356045643697595
Residual,10.007318512835656,46.0,,
