,sum_sq,df,F,PR(>F)
UC_case_control,0.5077162424636453,1.0,3.365565479989527,0.06893174323336056
Residual,19.00787458475429,126.0,,
