,sum_sq,df,F,PR(>F)
Both_case_control,43.662977778303464,1.0,0.8973328185596999,0.34844784446559085
Residual,2238.2965787719413,46.0,,
