,sum_sq,df,F,PR(>F)
UC_case_control,4.040412109188735,1.0,2.7611220868265782,0.1030989053327156
Residual,70.23948059607854,48.0,,
