,sum_sq,df,F,PR(>F)
UC_case_control,0.00021449535257007238,1.0,0.08609096365029596,0.7711013205562236
Residual,0.07972789467340013,32.0,,
