,sum_sq,df,F,PR(>F)
CASE_CONTROL,1.9453150998903348,1.0,11.8734747698645,0.0007192734676002289
Residual,27.52462468788367,168.0,,
