"","Df","SumsOfSqs","MeanSqs","F.Model","R2","Pr(>F)"
"md$Both_case_control",1,20.8599873918809,20.8599873918809,0,0.103466015526413,1
"md$F1_SDC_AGE_CALC",1,30.0067190870542,30.0067190870542,0,0.148834014356416,1
"md$A_HS_DENTAL_VISIT_LAST",1,21.7943323090782,21.7943323090782,0,0.108100387728737,1
"md$PM_BIOIMPED_BMI",1,36.5476700461118,36.5476700461118,0,0.181277281016814,1
"md$PM_BIOIMPED_WEIGHT",1,28.541415017806,28.541415017806,0,0.141566072591563,1
"md$PM_WAIST_AVG",1,21.8711040945272,21.8711040945272,0,0.108481177543995,1
"md$PM_WAIST_HIP_RATIO",1,41.9907437309068,41.9907437309068,0,0.208275051236062,1
"Residuals",0,-1.17125059240398e-14,-Inf,NA,-5.80942978067942e-17,NA
"Total",7,201.611971677365,NA,NA,1,NA
