"","Df","SumsOfSqs","MeanSqs","F.Model","R2","Pr(>F)"
"md$Both_case_control",1,340.613647549646,340.613647549646,0,0.160950015075655,1
"md$F1_SDC_AGE_CALC",1,236.145349021321,236.145349021321,0,0.111585656530359,1
"md$PM_BIOIMPED_WEIGHT",1,233.485925338996,233.485925338996,0,0.110329000242973,1
"md$PM_WAIST_AVG",1,334.276906469854,334.276906469854,0,0.157955717637311,1
"md$PM_WAIST_HIP_RATIO",1,295.647796975401,295.647796975401,0,0.139702321743697,1
"md$PM_STANDING_HEIGHT_AVG",1,353.186451829662,353.186451829662,0,0.16689103667878,1
"md$A_SLE_LIGHT_EXP",1,322.913668981592,322.913668981592,0,0.152586252091226,1
"Residuals",0,4.17236233115088e-13,Inf,NA,1.97156451284574e-16,NA
"Total",7,2116.26974616647,NA,NA,1,NA
