"","Df","SumsOfSqs","MeanSqs","F.Model","R2","Pr(>F)"
"md$Both_case_control",1,0.0610210456059596,0.0610210456059596,0,0.141747256099788,1
"md$F1_SDC_AGE_CALC",1,0.0414264782550744,0.0414264782550744,0,0.0962305638033975,1
"md$PM_BIOIMPED_WEIGHT",1,0.0190182279910489,0.0190182279910489,0,0.044177899720356,1
"md$PM_WAIST_AVG",1,0.132828236884654,0.132828236884654,0,0.30854990969105,1
"md$PM_WAIST_HIP_RATIO",1,0.056682492777808,0.056682492777808,0,0.131669127271815,1
"md$PM_STANDING_HEIGHT_AVG",1,0.0824592566108985,0.0824592566108985,0,0.19154659263134,1
"md$A_SLE_LIGHT_EXP",1,0.0370561619294106,0.0370561619294106,0,0.0860786507822537,1
"Residuals",0,-2.83655206029215e-17,-Inf,NA,-6.58909507921222e-17,NA
"Total",7,0.430491900054853,NA,NA,1,NA
