"","Df","SumsOfSqs","MeanSqs","F.Model","R2","Pr(>F)"
"md$Crohn_case_control",1,0.0520909778292224,0.0520909778292224,0.861133108430397,0.0346377256690037,0.499
"Residuals",24,1.45178887637948,0.0604912031824784,NA,0.965362274330996,NA
"Total",25,1.5038798542087,NA,NA,1,NA
