"","Df","SumsOfSqs","MeanSqs","F.Model","R2","Pr(>F)"
"md$Both_case_control",1,1.37995682357544,1.37995682357544,0,0.133882734814422,1
"md$F1_SDC_AGE_CALC",1,1.46344732036749,1.46344732036749,0,0.141982941901028,1
"md$A_HS_DENTAL_VISIT_LAST",1,2.83050548054315,2.83050548054315,0,0.274614254713028,1
"md$PM_BIOIMPED_BMI",1,0.339403617969968,0.339403617969968,0,0.0329287727002892,1
"md$PM_BIOIMPED_WEIGHT",1,1.7605104264455,1.7605104264455,0,0.170803858885331,1
"md$PM_WAIST_AVG",1,0.519355724633217,0.519355724633217,0,0.0503876379083102,1
"md$PM_WAIST_HIP_RATIO",1,2.01402582966467,2.01402582966467,0,0.195399799077592,1
"Residuals",0,6.71403873090868e-16,Inf,NA,6.51392747647707e-17,NA
"Total",7,10.3072052231994,NA,NA,1,NA
