"","Df","SumsOfSqs","MeanSqs","F.Model","R2","Pr(>F)"
"md$Both_case_control",1,147.025863905226,147.025863905226,0,0.161841559090636,1
"md$F1_SDC_AGE_CALC",1,114.600026551346,114.600026551346,0,0.126148192408199,1
"md$A_HS_DENTAL_VISIT_LAST",1,136.065688182938,136.065688182938,0,0.149776933998918,1
"md$PM_BIOIMPED_BMI",1,80.1448764359955,80.1448764359955,0,0.0882210205130228,1
"md$PM_BIOIMPED_WEIGHT",1,106.099016556348,106.099016556348,0,0.116790541482764,1
"md$PM_WAIST_AVG",1,136.604920447358,136.604920447358,0,0.150370504327754,1
"md$PM_WAIST_HIP_RATIO",1,187.915166130578,187.915166130578,0,0.206851248178706,1
"Residuals",0,7.27647730285144e-14,Inf,NA,8.00972291610007e-17,NA
"Total",7,908.45555820979,NA,NA,1,NA
