"","Df","SumsOfSqs","MeanSqs","F.Model","R2","Pr(>F)"
"md$Both_case_control",1,0.746362859998599,0.746362859998599,0,0.069618293732402,1
"md$F1_SDC_AGE_CALC",1,0.306141005993043,0.306141005993043,0,0.0285558347300356,1
"md$PM_BIOIMPED_WEIGHT",1,2.523607094484,2.523607094484,0,0.235393840429426,1
"md$PM_WAIST_AVG",1,3.97285008251681,3.97285008251681,0,0.370574500451391,1
"md$PM_WAIST_HIP_RATIO",1,0.352274228670836,0.352274228670836,0,0.0328589913035165,1
"md$PM_STANDING_HEIGHT_AVG",1,1.28831044562425,1.28831044562425,0,0.120169397258271,1
"md$A_SLE_LIGHT_EXP",1,1.53124073099085,1.53124073099085,0,0.142829142094958,1
"Residuals",0,-2.11709541111865e-15,-Inf,NA,-1.97475756217365e-16,NA
"Total",7,10.7207864482784,NA,NA,1,NA
