"","Df","SumsOfSqs","MeanSqs","F.Model","R2","Pr(>F)"
"md$Both_case_control",1,0.0845966921910724,0.0845966921910724,0,0.197194849456124,1
"md$F1_SDC_AGE_CALC",1,0.0787168338656623,0.0787168338656623,0,0.183488902482645,1
"md$A_HS_DENTAL_VISIT_LAST",1,0.0346314261380115,0.0346314261380115,0,0.0807258379359748,1
"md$PM_BIOIMPED_BMI",1,0.0694494991410847,0.0694494991410847,0,0.161886749626065,1
"md$PM_BIOIMPED_WEIGHT",1,0.0230404218952369,0.0230404218952369,0,0.0537072125323158,1
"md$PM_WAIST_AVG",1,0.0648142215635266,0.0648142215635266,0,0.151081919786744,1
"md$PM_WAIST_HIP_RATIO",1,0.0737514213162246,0.0737514213162246,0,0.171914528180132,1
"Residuals",0,3.23500916313611e-17,Inf,NA,7.54080482807728e-17,NA
"Total",7,0.429000516110819,NA,NA,1,NA
