"","Df","SumsOfSqs","MeanSqs","F.Model","R2","Pr(>F)"
"md$Both_case_control",1,0.193818759691146,0.193818759691146,0,0.175895664498085,1
"md$F1_SDC_AGE_CALC",1,0.150813180775581,0.150813180775581,0,0.136866961123178,1
"md$PM_BIOIMPED_WEIGHT",1,0.193609631296929,0.193609631296929,0,0.175705874934242,1
"md$PM_WAIST_AVG",1,0.134980537304115,0.134980537304115,0,0.12249841729072,1
"md$PM_WAIST_HIP_RATIO",1,0.141703508101982,0.141703508101982,0,0.128599691583138,1
"md$PM_STANDING_HEIGHT_AVG",1,0.14835088855954,0.14835088855954,0,0.134632365637069,1
"md$A_SLE_LIGHT_EXP",1,0.138619668029195,0.138619668029195,0,0.125801024933568,1
"Residuals",0,1.61223069773776e-17,Inf,NA,1.46314211459557e-17,NA
"Total",7,1.10189617375849,NA,NA,1,NA
