"","Df","SumsOfSqs","MeanSqs","F.Model","R2","Pr(>F)"
"md$Both_case_control",1,0.139676201033224,0.139676201033224,0,0.301908613878772,1
"md$F1_SDC_AGE_CALC",1,0.0521664373918716,0.0521664373918716,0,0.112757196197135,1
"md$A_HS_DENTAL_VISIT_LAST",1,0.0813046171952047,0.0813046171952047,0,0.17573906003865,1
"md$PM_BIOIMPED_BMI",1,0.0364921882986874,0.0364921882986874,0,0.0788774745100578,1
"md$PM_BIOIMPED_WEIGHT",1,0.0686192158881053,0.0686192158881053,0,0.148319700857974,1
"md$PM_WAIST_AVG",1,0.0266472511975553,0.0266472511975553,0,0.0575977483151888,1
"md$PM_WAIST_HIP_RATIO",1,0.0577380634044744,0.0577380634044744,0,0.124800206202223,1
"Residuals",0,2.00407379566692e-17,Inf,NA,4.33178406403428e-17,NA
"Total",7,0.462643974409123,NA,NA,1,NA
