"","Df","SumsOfSqs","MeanSqs","F.Model","R2","Pr(>F)"
"md$Both_case_control",1,0.746362859998599,0.746362859998599,0,0.069618293732402,1
"md$F1_SDC_AGE_CALC",1,0.306141005993043,0.306141005993043,0,0.0285558347300356,1
"md$A_HS_DENTAL_VISIT_LAST",1,1.07465940051759,1.07465940051759,0,0.100240724475038,1
"md$PM_BIOIMPED_BMI",1,4.17139897719728,4.17139897719728,0,0.389094493890152,1
"md$PM_BIOIMPED_WEIGHT",1,0.850259267749461,0.850259267749461,0,0.0793094118469267,1
"md$PM_WAIST_AVG",1,1.37022018922816,1.37022018922816,0,0.127809671038471,1
"md$PM_WAIST_HIP_RATIO",1,2.20174474759425,2.20174474759425,0,0.205371570286974,1
"Residuals",0,-7.50047517465071e-16,-Inf,NA,-6.99619865654089e-17,NA
"Total",7,10.7207864482784,NA,NA,1,NA
