"","Df","SumsOfSqs","MeanSqs","F.Model","R2","Pr(>F)"
"md$Both_case_control",1,0.0845966921910724,0.0845966921910724,0,0.197194849456124,1
"md$F1_SDC_AGE_CALC",1,0.0787168338656623,0.0787168338656623,0,0.183488902482645,1
"md$PM_BIOIMPED_WEIGHT",1,0.0602746935987003,0.0602746935987003,0,0.140500282249381,1
"md$PM_WAIST_AVG",1,0.0528427756392635,0.0528427756392635,0,0.123176485003606,1
"md$PM_WAIST_HIP_RATIO",1,0.0396830597020094,0.0396830597020094,0,0.092501193382617,1
"md$PM_STANDING_HEIGHT_AVG",1,0.0573184670608395,0.0573184670608395,0,0.133609319588868,1
"md$A_SLE_LIGHT_EXP",1,0.0555679940532716,0.0555679940532716,0,0.12952896783676,1
"Residuals",0,7.15749259485756e-17,Inf,NA,1.6684111850832e-16,NA
"Total",7,0.429000516110819,NA,NA,1,NA
