"","Df","SumsOfSqs","MeanSqs","F.Model","R2","Pr(>F)"
"md$Both_case_control",1,0.00847984942058394,0.00847984942058394,0,0.0319667571048447,1
"md$F1_SDC_AGE_CALC",1,0.0382336980117406,0.0382336980117406,0,0.144130783100289,1
"md$A_HS_DENTAL_VISIT_LAST",1,0.0890867653836373,0.0890867653836373,0,0.335833202811627,1
"md$PM_BIOIMPED_BMI",1,0.0590849518311021,0.0590849518311021,0,0.222734415442748,1
"md$PM_BIOIMPED_WEIGHT",1,0.0183499453044483,0.0183499453044483,0,0.0691743703621204,1
"md$PM_WAIST_AVG",1,0.0104685628899185,0.0104685628899185,0,0.0394636732966624,1
"md$PM_WAIST_HIP_RATIO",1,0.0415670956664908,0.0415670956664908,0,0.156696797881708,1
"Residuals",0,4.83230039229519e-17,Inf,NA,1.82164759344876e-16,NA
"Total",7,0.265270868507922,NA,NA,1,NA
