"","Df","SumsOfSqs","MeanSqs","F.Model","R2","Pr(>F)"
"md$Both_case_control",1,0.200873755345073,0.200873755345073,0,0.170021615387624,1
"md$F1_SDC_AGE_CALC",1,0.178964674860677,0.178964674860677,0,0.15147754401695,1
"md$A_HS_DENTAL_VISIT_LAST",1,0.147508823632366,0.147508823632366,0,0.124852987563355,1
"md$PM_BIOIMPED_BMI",1,0.130360142483513,0.130360142483513,0,0.110338167219172,1
"md$PM_BIOIMPED_WEIGHT",1,0.0952555812532343,0.0952555812532343,0,0.0806253050406726,1
"md$PM_WAIST_AVG",1,0.251140779337476,0.251140779337476,0,0.212568142211077,1
"md$PM_WAIST_HIP_RATIO",1,0.177356346775717,0.177356346775717,0,0.15011623856115,1
"Residuals",0,1.08198973553391e-16,Inf,NA,9.15807255916948e-17,NA
"Total",7,1.18146010368806,NA,NA,1,NA
