"","Df","SumsOfSqs","MeanSqs","F.Model","R2","Pr(>F)"
"md$Both_case_control",1,30.755644824825,30.755644824825,0,0.0930185243980178,1
"md$F1_SDC_AGE_CALC",1,73.7361630819535,73.7361630819535,0,0.223010413981588,1
"md$A_HS_DENTAL_VISIT_LAST",1,54.9750718864894,54.9750718864894,0,0.166268666928699,1
"md$PM_BIOIMPED_BMI",1,57.2317027111894,57.2317027111894,0,0.173093705734429,1
"md$PM_BIOIMPED_WEIGHT",1,39.5825597700236,39.5825597700236,0,0.119714976638435,1
"md$PM_WAIST_AVG",1,37.6267324058371,37.6267324058371,0,0.113799699087595,1
"md$PM_WAIST_HIP_RATIO",1,36.7321244366795,36.7321244366795,0,0.111094013231236,1
"Residuals",0,2.48748493821789e-14,Inf,NA,7.52324263507421e-17,NA
"Total",7,330.639999116998,NA,NA,1,NA
