"","Df","SumsOfSqs","MeanSqs","F.Model","R2","Pr(>F)"
"md$Both_case_control",1,0.0479996689361769,0.0479996689361769,0,0.115272171495736,1
"md$F1_SDC_AGE_CALC",1,0.0411625083488041,0.0411625083488041,0,0.0988525926686515,1
"md$A_HS_DENTAL_VISIT_LAST",1,0.0429942044835419,0.0429942044835419,0,0.10325144782018,1
"md$PM_BIOIMPED_BMI",1,0.0808641242488201,0.0808641242488201,0,0.194196822704272,1
"md$PM_BIOIMPED_WEIGHT",1,0.0486545154429686,0.0486545154429686,0,0.116844798568115,1
"md$PM_WAIST_AVG",1,0.0754579633165244,0.0754579633165244,0,0.181213818364185,1
"md$PM_WAIST_HIP_RATIO",1,0.0792699363562355,0.0792699363562355,0,0.19036834837886,1
"Residuals",0,-2.23627442135049e-17,-Inf,NA,-5.37045805362118e-17,NA
"Total",7,0.416402921133072,NA,NA,1,NA
