"","Df","SumsOfSqs","MeanSqs","F.Model","R2","Pr(>F)"
"md$Crohn_case_control",1,0.20368875062103,0.20368875062103,1.41637091004899,0.0557267170463345,0.194
"Residuals",24,3.45144762591577,0.14381031774649,NA,0.944273282953666,NA
"Total",25,3.6551363765368,NA,NA,1,NA
