"","Df","SumsOfSqs","MeanSqs","F.Model","R2","Pr(>F)"
"md$CASE_CONTROL",1,0.0628729546934969,0.0628729546934969,1.234595716906,0.0183625067384106,0.294
"Residuals",66,3.36111242971917,0.0509259459048359,NA,0.981637493261589,NA
"Total",67,3.42398538441267,NA,NA,1,NA
