"","Df","SumsOfSqs","MeanSqs","F.Model","R2","Pr(>F)"
"md$Both_case_control",1,2.28377142310257,2.28377142310257,0,0.164515124722931,1
"md$F1_SDC_AGE_CALC",1,0.363493376147568,0.363493376147568,0,0.0261848263394224,1
"md$PM_BIOIMPED_WEIGHT",1,5.21414322373175,5.21414322373175,0,0.375609141132916,1
"md$PM_WAIST_AVG",1,2.56985190858356,2.56985190858356,0,0.185123389750507,1
"md$PM_WAIST_HIP_RATIO",1,0.534340581790437,0.534340581790437,0,0.038492077871065,1
"md$PM_STANDING_HEIGHT_AVG",1,1.80942799658989,1.80942799658989,0,0.130345037828586,1
"md$A_SLE_LIGHT_EXP",1,1.10680409935869,1.10680409935869,0,0.0797304023545738,1
"Residuals",0,-1.16422961427454e-15,-Inf,NA,-8.38671411074505e-17,NA
"Total",7,13.8818326093045,NA,NA,1,NA
