"","Df","SumsOfSqs","MeanSqs","F.Model","R2","Pr(>F)"
"md$Both_case_control",1,0.256341000868377,0.256341000868377,0,0.31948402336734,1
"md$F1_SDC_AGE_CALC",1,0.0843273755674853,0.0843273755674853,0,0.105099258936507,1
"md$A_HS_DENTAL_VISIT_LAST",1,0.153955820015908,0.153955820015908,0,0.191878882554398,1
"md$PM_BIOIMPED_BMI",1,0.0436793775767578,0.0436793775767578,0,0.0544386705175156,1
"md$PM_BIOIMPED_WEIGHT",1,0.131400691499304,0.131400691499304,0,0.163767877363496,1
"md$PM_WAIST_AVG",1,0.0275345871457179,0.0275345871457179,0,0.0343170255763709,1
"md$PM_WAIST_HIP_RATIO",1,0.105120520939441,0.105120520939441,0,0.131014261684372,1
"Residuals",0,3.94640221953116e-17,Inf,NA,4.91849705919266e-17,NA
"Total",7,0.80235937361299,NA,NA,1,NA
