"","Df","SumsOfSqs","MeanSqs","F.Model","R2","Pr(>F)"
"md$Both_case_control",1,0.00384577589133412,0.00384577589133412,0,0.0751547504073299,1
"md$F1_SDC_AGE_CALC",1,0.0073481431912042,0.0073481431912042,0,0.143598556727312,1
"md$A_HS_DENTAL_VISIT_LAST",1,0.0105586932469635,0.0105586932469635,0,0.206339625091316,1
"md$PM_BIOIMPED_BMI",1,0.00555143299961004,0.00555143299961004,0,0.10848696681178,1
"md$PM_BIOIMPED_WEIGHT",1,0.00695538900251149,0.00695538900251149,0,0.135923293306699,1
"md$PM_WAIST_AVG",1,0.00695951102363349,0.00695951102363349,0,0.136003846484354,1
"md$PM_WAIST_HIP_RATIO",1,0.00995248253839548,0.00995248253839548,0,0.19449296117121,1
"Residuals",0,-2.84111950656949e-19,-Inf,NA,-5.55215991329006e-18,NA
"Total",7,0.0511714278936523,NA,NA,1,NA
