"","Df","SumsOfSqs","MeanSqs","F.Model","R2","Pr(>F)"
"md$Both_case_control",1,0.200873755345073,0.200873755345073,0,0.170021615387624,1
"md$F1_SDC_AGE_CALC",1,0.178964674860677,0.178964674860677,0,0.151477544016949,1
"md$PM_BIOIMPED_WEIGHT",1,0.128082935552436,0.128082935552436,0,0.10841071581902,1
"md$PM_WAIST_AVG",1,0.199419836510192,0.199419836510192,0,0.168791003511402,1
"md$PM_WAIST_HIP_RATIO",1,0.126687063976006,0.126687063976006,0,0.107229235740199,1
"md$PM_STANDING_HEIGHT_AVG",1,0.192390358400703,0.192390358400703,0,0.162841180840669,1
"md$A_SLE_LIGHT_EXP",1,0.155041479042969,0.155041479042969,0,0.131228704684136,1
"Residuals",0,2.13600445360751e-16,Inf,NA,1.80793616893177e-16,NA
"Total",7,1.18146010368806,NA,NA,1,NA
