"","Df","SumsOfSqs","MeanSqs","F.Model","R2","Pr(>F)"
"md$Both_case_control",1,70.0917217731243,70.0917217731243,0,0.103659845207991,1
"md$F1_SDC_AGE_CALC",1,109.775404259467,109.775404259467,0,0.162348721436947,1
"md$PM_BIOIMPED_WEIGHT",1,107.886992837611,107.886992837611,0,0.159555917511939,1
"md$PM_WAIST_AVG",1,115.247864034892,115.247864034892,0,0.170442035723957,1
"md$PM_WAIST_HIP_RATIO",1,87.5753596189247,87.5753596189247,0,0.129516696016058,1
"md$PM_STANDING_HEIGHT_AVG",1,64.8589340214068,64.8589340214068,0,0.0959209859728721,1
"md$A_SLE_LIGHT_EXP",1,120.734150223851,120.734150223851,0,0.178555798130236,1
"Residuals",0,-3.74843528485774e-14,-Inf,NA,-5.54362500408019e-17,NA
"Total",7,676.170426769277,NA,NA,1,NA
