"","Df","SumsOfSqs","MeanSqs","F.Model","R2","Pr(>F)"
"md$Both_case_control",1,54.4539954902278,54.4539954902278,0,0.144782882494329,1
"md$F1_SDC_AGE_CALC",1,46.0567077815869,46.0567077815869,0,0.122456081519561,1
"md$PM_BIOIMPED_WEIGHT",1,52.037477343057,52.037477343057,0,0.138357817450019,1
"md$PM_WAIST_AVG",1,34.4378317540047,34.4378317540047,0,0.0915636860677064,1
"md$PM_WAIST_HIP_RATIO",1,26.8520204406364,26.8520204406364,0,0.0713944474632657,1
"md$PM_STANDING_HEIGHT_AVG",1,89.0787456383182,89.0787456383182,0,0.236843549245331,1
"md$A_SLE_LIGHT_EXP",1,73.1911878537849,73.1911878537849,0,0.194601535759788,1
"Residuals",0,5.3709830026239e-14,Inf,NA,1.42804287168879e-16,NA
"Total",7,376.107966301616,NA,NA,1,NA
