"","Df","SumsOfSqs","MeanSqs","F.Model","R2","Pr(>F)"
"md$Both_case_control",1,0.194777108779356,0.194777108779356,0,0.147944728523347,1
"md$F1_SDC_AGE_CALC",1,0.149524584054846,0.149524584054846,0,0.11357276085569,1
"md$PM_BIOIMPED_WEIGHT",1,0.139495700398512,0.139495700398512,0,0.105955230853182,1
"md$PM_WAIST_AVG",1,0.227011715127227,0.227011715127227,0,0.172428817619232,1
"md$PM_WAIST_HIP_RATIO",1,0.199904979635182,0.199904979635182,0,0.151839649576556,1
"md$PM_STANDING_HEIGHT_AVG",1,0.180045172937233,0.180045172937233,0,0.13675495236102,1
"md$A_SLE_LIGHT_EXP",1,0.225793959472647,0.225793959472647,0,0.171503860210974,1
"Residuals",0,-8.66628499805243e-17,-Inf,NA,-6.58255577042792e-17,NA
"Total",7,1.316553220405,NA,NA,1,NA
