"","Df","SumsOfSqs","MeanSqs","F.Model","R2","Pr(>F)"
"md$Both_case_control",1,0.139676201033224,0.139676201033224,0,0.301908613878772,1
"md$F1_SDC_AGE_CALC",1,0.0521664373918716,0.0521664373918716,0,0.112757196197135,1
"md$PM_BIOIMPED_WEIGHT",1,0.0415760889020005,0.0415760889020005,0,0.0898662712620443,1
"md$PM_WAIST_AVG",1,0.0316664252552881,0.0316664252552881,0,0.0684466393315327,1
"md$PM_WAIST_HIP_RATIO",1,0.051087109145443,0.051087109145443,0,0.110424239742212,1
"md$PM_STANDING_HEIGHT_AVG",1,0.0769249154236292,0.0769249154236292,0,0.166272381525936,1
"md$A_SLE_LIGHT_EXP",1,0.0695467972576662,0.0695467972576662,0,0.150324658062368,1
"Residuals",0,9.70749879064183e-17,Inf,NA,2.09826547574515e-16,NA
"Total",7,0.462643974409123,NA,NA,1,NA
