"","Df","SumsOfSqs","MeanSqs","F.Model","R2","Pr(>F)"
"md$Both_case_control",1,564.71580014558,564.71580014558,0,0.12289637056404,1
"md$F1_SDC_AGE_CALC",1,699.172542932012,699.172542932012,0,0.152157541726694,1
"md$PM_BIOIMPED_WEIGHT",1,748.377993637129,748.377993637129,0,0.162865886175473,1
"md$PM_WAIST_AVG",1,615.336392084329,615.336392084329,0,0.133912685360742,1
"md$PM_WAIST_HIP_RATIO",1,603.751802299865,603.751802299865,0,0.131391587069147,1
"md$PM_STANDING_HEIGHT_AVG",1,633.28607480966,633.28607480966,0,0.13781898806938,1
"md$A_SLE_LIGHT_EXP",1,730.416168785308,730.416168785308,0,0.158956941034525,1
"Residuals",0,-2.64761969558225e-13,-Inf,NA,-5.7618867957483e-17,NA
"Total",7,4595.05677469388,NA,NA,1,NA
