"","Df","SumsOfSqs","MeanSqs","F.Model","R2","Pr(>F)"
"md$Both_case_control",1,0.240177018399278,0.240177018399278,0,0.316594243252441,1
"md$F1_SDC_AGE_CALC",1,0.079830134947983,0.079830134947983,0,0.105229723189339,1
"md$A_HS_DENTAL_VISIT_LAST",1,0.139409589171487,0.139409589171487,0,0.183765597891247,1
"md$PM_BIOIMPED_BMI",1,0.0461609086303755,0.0461609086303755,0,0.0608479447079468,1
"md$PM_BIOIMPED_WEIGHT",1,0.134196993612925,0.134196993612925,0,0.176894508570369,1
"md$PM_WAIST_AVG",1,0.0306594308320879,0.0306594308320879,0,0.0404143550766329,1
"md$PM_WAIST_HIP_RATIO",1,0.0881931689567687,0.0881931689567687,0,0.116253627312024,1
"Residuals",0,4.68070518044708e-17,Inf,NA,6.16996715325981e-17,NA
"Total",7,0.758627244550905,NA,NA,1,NA
