"","Df","SumsOfSqs","MeanSqs","F.Model","R2","Pr(>F)"
"md$Both_case_control",1,3.25699308636777,3.25699308636777,0,0.206780693995561,1
"md$F1_SDC_AGE_CALC",1,2.00109020484122,2.00109020484122,0,0.127045655404275,1
"md$PM_BIOIMPED_WEIGHT",1,0.258766298015149,0.258766298015149,0,0.0164286116879379,1
"md$PM_WAIST_AVG",1,0.585422210597846,0.585422210597846,0,0.0371674141693799,1
"md$PM_WAIST_HIP_RATIO",1,6.55487361760115,6.55487361760115,0,0.41615725909088,1
"md$PM_STANDING_HEIGHT_AVG",1,2.38437607006038,2.38437607006038,0,0.151379792784067,1
"md$A_SLE_LIGHT_EXP",1,0.709431966796393,0.709431966796393,0,0.0450405728678998,1
"Residuals",0,4.05484348828596e-15,Inf,NA,2.5743479593511e-16,NA
"Total",7,15.7509534542799,NA,NA,1,NA
