"","Df","SumsOfSqs","MeanSqs","F.Model","R2","Pr(>F)"
"md$Both_case_control",1,0.015887003423343,0.015887003423343,0,0.218992631800222,1
"md$F1_SDC_AGE_CALC",1,0.003667094654913,0.003667094654913,0,0.0505486584310776,1
"md$PM_BIOIMPED_WEIGHT",1,0.00187391379964518,0.00187391379964518,0,0.0258307563620264,1
"md$PM_WAIST_AVG",1,0.0320041374908066,0.0320041374908066,0,0.441157473870117,1
"md$PM_WAIST_HIP_RATIO",1,0.00287074740725854,0.00287074740725854,0,0.039571498362334,1
"md$PM_STANDING_HEIGHT_AVG",1,0.00663853217106466,0.00663853217106466,0,0.0915081084010983,1
"md$A_SLE_LIGHT_EXP",1,0.00960440646644568,0.00960440646644568,0,0.132390872773125,1
"Residuals",0,-5.72206075115183e-18,-Inf,NA,-7.88751100395883e-17,NA
"Total",7,0.0725458354134766,NA,NA,1,NA
