"","Df","SumsOfSqs","MeanSqs","F.Model","R2","Pr(>F)"
"md$Both_case_control",1,111.418359682212,111.418359682212,0,0.144662070188377,1
"md$F1_SDC_AGE_CALC",1,74.7482883241921,74.7482883241921,0,0.0970508106819815,1
"md$PM_BIOIMPED_WEIGHT",1,120.834865619401,120.834865619401,0,0.156888163326887,1
"md$PM_WAIST_AVG",1,86.6189061826684,86.6189061826684,0,0.112463245030505,1
"md$PM_WAIST_HIP_RATIO",1,93.1821557747609,93.1821557747609,0,0.120984760477898,1
"md$PM_STANDING_HEIGHT_AVG",1,146.216517071636,146.216517071636,0,0.189842895871442,1
"md$A_SLE_LIGHT_EXP",1,137.178371940547,137.178371940547,0,0.178108054422909,1
"Residuals",0,1.34737781831765e-13,Inf,NA,1.7493926950609e-16,NA
"Total",7,770.197464595418,NA,NA,1,NA
