"","Df","SumsOfSqs","MeanSqs","F.Model","R2","Pr(>F)"
"md$Both_case_control",1,43.3136971522824,43.3136971522824,0,0.155690604529103,1
"md$F1_SDC_AGE_CALC",1,36.9691750473589,36.9691750473589,0,0.132885290115721,1
"md$PM_BIOIMPED_WEIGHT",1,33.8177459331569,33.8177459331569,0,0.121557513080302,1
"md$PM_WAIST_AVG",1,27.1546283978257,27.1546283978257,0,0.0976070109221294,1
"md$PM_WAIST_HIP_RATIO",1,20.5423061565978,20.5423061565978,0,0.0738390918858355,1
"md$PM_STANDING_HEIGHT_AVG",1,57.470669938386,57.470669938386,0,0.206577686359623,1
"md$A_SLE_LIGHT_EXP",1,58.9354447266237,58.9354447266237,0,0.211842803107286,1
"Residuals",0,3.1455071552311e-14,Inf,NA,1.13064906195093e-16,NA
"Total",7,278.203667352231,NA,NA,1,NA
