"","Df","SumsOfSqs","MeanSqs","F.Model","R2","Pr(>F)"
"md$Both_case_control",1,83.614667310153,83.614667310153,0,0.149835880160798,1
"md$F1_SDC_AGE_CALC",1,52.9123431959815,52.9123431959815,0,0.0948179041929575,1
"md$PM_BIOIMPED_WEIGHT",1,72.7878964082879,72.7878964082879,0,0.130434514353016,1
"md$PM_WAIST_AVG",1,71.96640660262,71.96640660262,0,0.128962420376743,1
"md$PM_WAIST_HIP_RATIO",1,56.36703868535,56.36703868535,0,0.101008652251752,1
"md$PM_STANDING_HEIGHT_AVG",1,112.784863101433,112.784863101433,0,0.202108311558949,1
"md$A_SLE_LIGHT_EXP",1,107.608471509914,107.608471509914,0,0.192832317105784,1
"Residuals",0,8.01718358912243e-14,Inf,NA,1.43666392288689e-16,NA
"Total",7,558.041686813739,NA,NA,1,NA
