"","Df","SumsOfSqs","MeanSqs","F.Model","R2","Pr(>F)"
"md$Both_case_control",1,0.0138762458917602,0.0138762458917602,0,0.0461509738836356,1
"md$F1_SDC_AGE_CALC",1,0.0439444320847914,0.0439444320847914,0,0.146154684292579,1
"md$A_HS_DENTAL_VISIT_LAST",1,0.0879903325778996,0.0879903325778996,0,0.292646842127987,1
"md$PM_BIOIMPED_BMI",1,0.0796404419325271,0.0796404419325271,0,0.26487596028345,1
"md$PM_BIOIMPED_WEIGHT",1,0.0340572280236727,0.0340572280236727,0,0.113270855340123,1
"md$PM_WAIST_AVG",1,0.00707688059411737,0.00707688059411737,0,0.0235369806808237,1
"md$PM_WAIST_HIP_RATIO",1,0.0340851447127843,0.0340851447127843,0,0.113363703391401,1
"Residuals",0,4.42285667077304e-17,Inf,NA,1.47099686973058e-16,NA
"Total",7,0.300670705817553,NA,NA,1,NA
