"","Df","SumsOfSqs","MeanSqs","F.Model","R2","Pr(>F)"
"md$Both_case_control",1,0.193818759691146,0.193818759691146,0,0.175895664498085,1
"md$F1_SDC_AGE_CALC",1,0.150813180775581,0.150813180775581,0,0.136866961123178,1
"md$A_HS_DENTAL_VISIT_LAST",1,0.248645628465886,0.248645628465886,0,0.225652501921097,1
"md$PM_BIOIMPED_BMI",1,0.152611070295308,0.152611070295308,0,0.138498593542405,1
"md$PM_BIOIMPED_WEIGHT",1,0.120453934010096,0.120453934010096,0,0.109315139555514,1
"md$PM_WAIST_AVG",1,0.0629874367585956,0.0629874367585956,0,0.0571627692868286,1
"md$PM_WAIST_HIP_RATIO",1,0.172566163761874,0.172566163761874,0,0.156608370072893,1
"Residuals",0,2.4037796716883e-17,Inf,NA,2.18149380035433e-17,NA
"Total",7,1.10189617375849,NA,NA,1,NA
