"","Df","SumsOfSqs","MeanSqs","F.Model","R2","Pr(>F)"
"md$Both_case_control",1,0.365262574548631,0.365262574548631,0,0.248950172599359,1
"md$F1_SDC_AGE_CALC",1,0.13899865176116,0.13899865176116,0,0.0947366107512659,1
"md$A_HS_DENTAL_VISIT_LAST",1,0.300072037960288,0.300072037960288,0,0.20451858703227,1
"md$PM_BIOIMPED_BMI",1,0.130151117760931,0.130151117760931,0,0.0887064415800676,1
"md$PM_BIOIMPED_WEIGHT",1,0.196541310600634,0.196541310600634,0,0.133955670814059,1
"md$PM_WAIST_AVG",1,0.102956433568122,0.102956433568122,0,0.0701714976922333,1
"md$PM_WAIST_HIP_RATIO",1,0.233229447645801,0.233229447645801,0,0.158961019530746,1
"Residuals",0,1.05066549583087e-16,Inf,NA,7.16096788329629e-17,NA
"Total",7,1.46721157384557,NA,NA,1,NA
