"","Df","SumsOfSqs","MeanSqs","F.Model","R2","Pr(>F)"
"md$Both_case_control",1,564.71580014558,564.71580014558,0,0.12289637056404,1
"md$F1_SDC_AGE_CALC",1,699.172542932012,699.172542932012,0,0.152157541726694,1
"md$A_HS_DENTAL_VISIT_LAST",1,651.867125851335,651.867125851335,0,0.14186269241358,1
"md$PM_BIOIMPED_BMI",1,650.373466125299,650.373466125299,0,0.1415376344656,1
"md$PM_BIOIMPED_WEIGHT",1,607.70718935072,607.70718935072,0,0.132252378838389,1
"md$PM_WAIST_AVG",1,617.265565981972,617.265565981972,0,0.134332522153242,1
"md$PM_WAIST_HIP_RATIO",1,803.955084306964,803.955084306964,0,0.174960859838456,1
"Residuals",0,-1.16472896464906e-13,-Inf,NA,-2.53474335956741e-17,NA
"Total",7,4595.05677469388,NA,NA,1,NA
