"","Df","SumsOfSqs","MeanSqs","F.Model","R2","Pr(>F)"
"md$Both_case_control",1,62.2501916858712,62.2501916858712,0,0.109877312656978,1
"md$F1_SDC_AGE_CALC",1,86.6483485281456,86.6483485281456,0,0.152942303061193,1
"md$PM_BIOIMPED_WEIGHT",1,71.1781143455711,71.1781143455711,0,0.125635917134975,1
"md$PM_WAIST_AVG",1,98.2554898454195,98.2554898454195,0,0.173429974842311,1
"md$PM_WAIST_HIP_RATIO",1,56.3539128258162,56.3539128258162,0,0.0994698382657619,1
"md$PM_STANDING_HEIGHT_AVG",1,99.001091673757,99.001091673757,0,0.174746030632521,1
"md$A_SLE_LIGHT_EXP",1,92.8555720682907,92.8555720682907,0,0.16389862340626,1
"Residuals",0,-3.06519552419385e-14,-Inf,NA,-5.41035196592107e-17,NA
"Total",7,566.542720972871,NA,NA,1,NA
