"","Df","SumsOfSqs","MeanSqs","F.Model","R2","Pr(>F)"
"md$Both_case_control",1,0.0159493211449252,0.0159493211449252,0,0.0482156288641287,1
"md$F1_SDC_AGE_CALC",1,0.0930967192616893,0.0930967192616893,0,0.2814362331539,1
"md$PM_BIOIMPED_WEIGHT",1,0.0786913197162845,0.0786913197162845,0,0.237887959731508,1
"md$PM_WAIST_AVG",1,0.0230269525317271,0.0230269525317271,0,0.06961167732803,1
"md$PM_WAIST_HIP_RATIO",1,0.0117174418310714,0.0117174418310714,0,0.0354224371953107,1
"md$PM_STANDING_HEIGHT_AVG",1,0.0431145169936283,0.0431145169936283,0,0.13033743136349,1
"md$A_SLE_LIGHT_EXP",1,0.0651952482138072,0.0651952482138072,0,0.197088632363632,1
"Residuals",0,6.32305391306016e-17,Inf,NA,1.91149214433487e-16,NA
"Total",7,0.330791519693133,NA,NA,1,NA
