"","Df","SumsOfSqs","MeanSqs","F.Model","R2","Pr(>F)"
"md$Both_case_control",1,0.0751655990509667,0.0751655990509667,0,0.149943805628922,1
"md$F1_SDC_AGE_CALC",1,0.07020436164649,0.07020436164649,0,0.14004690030989,1
"md$PM_BIOIMPED_WEIGHT",1,0.0443209515094358,0.0443209515094358,0,0.088413479335322,1
"md$PM_WAIST_AVG",1,0.0844131812879357,0.0844131812879357,0,0.168391309420349,1
"md$PM_WAIST_HIP_RATIO",1,0.0277367238650004,0.0277367238650004,0,0.0553304967233308,1
"md$PM_STANDING_HEIGHT_AVG",1,0.0821798687571711,0.0821798687571711,0,0.163936194524045,1
"md$A_SLE_LIGHT_EXP",1,0.117271106069366,0.117271106069366,0,0.233937814058141,1
"Residuals",0,6.32120925123817e-17,Inf,NA,1.26098399171238e-16,NA
"Total",7,0.501291792186366,NA,NA,1,NA
