"","Df","SumsOfSqs","MeanSqs","F.Model","R2","Pr(>F)"
"md$Both_case_control",1,0.0138762458917602,0.0138762458917602,0,0.0461509738836356,1
"md$F1_SDC_AGE_CALC",1,0.0439444320847914,0.0439444320847914,0,0.146154684292579,1
"md$PM_BIOIMPED_WEIGHT",1,0.0280216333462014,0.0280216333462014,0,0.0931970850635676,1
"md$PM_WAIST_AVG",1,0.111821026102183,0.111821026102183,0,0.371905290201554,1
"md$PM_WAIST_HIP_RATIO",1,0.0254897872048088,0.0254897872048088,0,0.0847764238804029,1
"md$PM_STANDING_HEIGHT_AVG",1,0.0640537851599173,0.0640537851599173,0,0.213036334835976,1
"md$A_SLE_LIGHT_EXP",1,0.0134637960278906,0.0134637960278906,0,0.0447792078422846,1
"Residuals",0,2.69799660821778e-17,Inf,NA,8.97326063369449e-17,NA
"Total",7,0.300670705817553,NA,NA,1,NA
