"","Df","SumsOfSqs","MeanSqs","F.Model","R2","Pr(>F)"
"md$Both_case_control",1,0.107663184593322,0.107663184593322,0,0.120807792306785,1
"md$F1_SDC_AGE_CALC",1,0.0928513156293701,0.0928513156293701,0,0.104187540953163,1
"md$PM_BIOIMPED_WEIGHT",1,0.0827535756510238,0.0827535756510238,0,0.0928569670092481,1
"md$PM_WAIST_AVG",1,0.201973283873325,0.201973283873325,0,0.226632219935294,1
"md$PM_WAIST_HIP_RATIO",1,0.119334615884184,0.119334615884184,0,0.133904189674515,1
"md$PM_STANDING_HEIGHT_AVG",1,0.138364054452488,0.138364054452488,0,0.155256934077888,1
"md$A_SLE_LIGHT_EXP",1,0.148254010776806,0.148254010776806,0,0.166354356043107,1
"Residuals",0,-8.43918400173178e-17,-Inf,NA,-9.46952472166788e-17,NA
"Total",7,0.891194040860519,NA,NA,1,NA
