"","Df","SumsOfSqs","MeanSqs","F.Model","R2","Pr(>F)"
"md$Both_case_control",1,1.99987765900351,1.99987765900351,0,0.140266969974321,1
"md$F1_SDC_AGE_CALC",1,0.570600942802715,0.570600942802715,0,0.0400206807406948,1
"md$PM_BIOIMPED_WEIGHT",1,2.40086802108853,2.40086802108853,0,0.168391541907685,1
"md$PM_WAIST_AVG",1,6.64466798421549,6.64466798421549,0,0.466042230351077,1
"md$PM_WAIST_HIP_RATIO",1,0.433427001154305,0.433427001154305,0,0.0303996056375087,1
"md$PM_STANDING_HEIGHT_AVG",1,0.935136130086114,0.935136130086114,0,0.065588367813484,1
"md$A_SLE_LIGHT_EXP",1,1.27307436156732,1.27307436156732,0,0.0892906035752299,1
"Residuals",0,-6.41554614755185e-16,-Inf,NA,-4.49972134443423e-17,NA
"Total",7,14.257652099918,NA,NA,1,NA
