"","Df","SumsOfSqs","MeanSqs","F.Model","R2","Pr(>F)"
"md$Both_case_control",1,0.015887003423343,0.015887003423343,0,0.218992631800222,1
"md$F1_SDC_AGE_CALC",1,0.003667094654913,0.003667094654913,0,0.0505486584310776,1
"md$A_HS_DENTAL_VISIT_LAST",1,0.0102726186357409,0.0102726186357409,0,0.141601769104896,1
"md$PM_BIOIMPED_BMI",1,0.0228275896602445,0.0228275896602445,0,0.314664370878606,1
"md$PM_BIOIMPED_WEIGHT",1,0.0062088680894904,0.0062088680894904,0,0.0855854516541552,1
"md$PM_WAIST_AVG",1,0.00324945613506328,0.00324945613506328,0,0.0447917667022915,1
"md$PM_WAIST_HIP_RATIO",1,0.0104332048146815,0.0104332048146815,0,0.143815351428751,1
"Residuals",0,5.29797589466402e-18,Inf,NA,7.30293595003502e-17,NA
"Total",7,0.0725458354134766,NA,NA,1,NA
