"","Df","SumsOfSqs","MeanSqs","F.Model","R2","Pr(>F)"
"md$Both_case_control",1,280.104445964955,280.104445964955,0,0.142053400258638,1
"md$F1_SDC_AGE_CALC",1,313.875283763156,313.875283763156,0,0.159180091419469,1
"md$A_HS_DENTAL_VISIT_LAST",1,273.742518769743,273.742518769743,0,0.138826984529447,1
"md$PM_BIOIMPED_BMI",1,283.018338509059,283.018338509059,0,0.143531164534933,1
"md$PM_BIOIMPED_WEIGHT",1,248.406847970398,248.406847970398,0,0.125978141047217,1
"md$PM_WAIST_AVG",1,243.41231742644,243.41231742644,0,0.12344519286776,1
"md$PM_WAIST_HIP_RATIO",1,329.265247596004,329.265247596004,0,0.166985025342535,1
"Residuals",0,-3.31196006039365e-14,-Inf,NA,-1.67964198668445e-17,NA
"Total",7,1971.82499999975,NA,NA,1,NA
