"","Df","SumsOfSqs","MeanSqs","F.Model","R2","Pr(>F)"
"md$Both_case_control",1,0.0589460475480516,0.0589460475480516,0,0.138258684511545,1
"md$F1_SDC_AGE_CALC",1,0.0384481184238967,0.0384481184238967,0,0.0901805379045767,1
"md$PM_BIOIMPED_WEIGHT",1,0.0202208995906382,0.0202208995906382,0,0.0474283704053723,1
"md$PM_WAIST_AVG",1,0.1315947017687,0.1315947017687,0,0.308657002666687,1
"md$PM_WAIST_HIP_RATIO",1,0.057294306972997,0.057294306972997,0,0.134384506537606,1
"md$PM_STANDING_HEIGHT_AVG",1,0.0828130687178231,0.0828130687178231,0,0.194239078234328,1
"md$A_SLE_LIGHT_EXP",1,0.0370289324978687,0.0370289324978687,0,0.0868518197398859,1
"Residuals",0,-2.88079379951886e-17,-Inf,NA,-6.75693753250905e-17,NA
"Total",7,0.426346075519976,NA,NA,1,NA
