"","Df","SumsOfSqs","MeanSqs","F.Model","R2","Pr(>F)"
"md$Both_case_control",1,73.852139791053,73.852139791053,0,0.155395630340066,1
"md$F1_SDC_AGE_CALC",1,41.0965263616822,41.0965263616822,0,0.0864730614011863,1
"md$PM_BIOIMPED_WEIGHT",1,34.3909468844869,34.3909468844869,0,0.0723635480871197,1
"md$PM_WAIST_AVG",1,93.4837359232835,93.4837359232835,0,0.196703360409643,1
"md$PM_WAIST_HIP_RATIO",1,47.3856587840499,47.3856587840499,0,0.0997063096162146,1
"md$PM_STANDING_HEIGHT_AVG",1,84.9385211699063,84.9385211699063,0,0.178722987237665,1
"md$A_SLE_LIGHT_EXP",1,100.104829401123,100.104829401123,0,0.210635102908106,1
"Residuals",0,7.19596920838518e-14,Inf,NA,1.51413645455428e-16,NA
"Total",7,475.252358315585,NA,NA,1,NA
