"","Df","SumsOfSqs","MeanSqs","F.Model","R2","Pr(>F)"
"md$Both_case_control",1,3.01360177772777,3.01360177772777,0,0.307596353589219,1
"md$F1_SDC_AGE_CALC",1,0.180090428764364,0.180090428764364,0,0.0183817117489242,1
"md$PM_BIOIMPED_WEIGHT",1,2.32528253680193,2.32528253680193,0,0.237340060877006,1
"md$PM_WAIST_AVG",1,1.19842461618758,1.19842461618758,0,0.122322413238289,1
"md$PM_WAIST_HIP_RATIO",1,0.14313405348098,0.14313405348098,0,0.0146095988031935,1
"md$PM_STANDING_HEIGHT_AVG",1,0.270794971863368,0.270794971863368,0,0.0276398648723493,1
"md$A_SLE_LIGHT_EXP",1,2.66593267683244,2.66593267683244,0,0.27210999687102,1
"Residuals",0,-1.16098912037837e-15,-Inf,NA,-1.18501396775257e-16,NA
"Total",7,9.79726106165842,NA,NA,1,NA
