"","Df","SumsOfSqs","MeanSqs","F.Model","R2","Pr(>F)"
"md$Both_case_control",1,0.0751655990509667,0.0751655990509667,0,0.149943805628922,1
"md$F1_SDC_AGE_CALC",1,0.07020436164649,0.07020436164649,0,0.14004690030989,1
"md$A_HS_DENTAL_VISIT_LAST",1,0.087658191362491,0.087658191362491,0,0.174864605263479,1
"md$PM_BIOIMPED_BMI",1,0.0514376786994687,0.0514376786994687,0,0.102610255147257,1
"md$PM_BIOIMPED_WEIGHT",1,0.0311705463259495,0.0311705463259495,0,0.0621804442279021,1
"md$PM_WAIST_AVG",1,0.0491124623873321,0.0491124623873321,0,0.0979718063468183,1
"md$PM_WAIST_HIP_RATIO",1,0.136542952713668,0.136542952713668,0,0.272382183075731,1
"Residuals",0,4.21915512111909e-17,Inf,NA,8.41656533556513e-17,NA
"Total",7,0.501291792186366,NA,NA,1,NA
