"","Df","SumsOfSqs","MeanSqs","F.Model","R2","Pr(>F)"
"md$Both_case_control",1,1.99987765900351,1.99987765900351,0,0.140266969974321,1
"md$F1_SDC_AGE_CALC",1,0.570600942802715,0.570600942802715,0,0.0400206807406948,1
"md$A_HS_DENTAL_VISIT_LAST",1,4.56445146863427,4.56445146863427,0,0.320140471702246,1
"md$PM_BIOIMPED_BMI",1,3.06032109814188,3.06032109814188,0,0.214644113679803,1
"md$PM_BIOIMPED_WEIGHT",1,0.965223546527559,0.965223546527559,0,0.0676986322687107,1
"md$PM_WAIST_AVG",1,1.10120816929775,1.10120816929775,0,0.0772362911915969,1
"md$PM_WAIST_HIP_RATIO",1,1.99596921551031,1.99596921551031,0,0.139992840442628,1
"Residuals",0,2.20314179780113e-16,Inf,NA,1.54523464477984e-17,NA
"Total",7,14.257652099918,NA,NA,1,NA
