"","Df","SumsOfSqs","MeanSqs","F.Model","R2","Pr(>F)"
"md$Crohn_case_control",1,0.0148659870164697,0.0148659870164697,1.52065695649569,0.0595853374420538,0.163
"Residuals",24,0.234624704060454,0.00977602933585223,NA,0.940414662557946,NA
"Total",25,0.249490691076923,NA,NA,1,NA
