"","Df","SumsOfSqs","MeanSqs","F.Model","R2","Pr(>F)"
"md$Both_case_control",1,0.0589460475480516,0.0589460475480516,0,0.138258684511545,1
"md$F1_SDC_AGE_CALC",1,0.0384481184238967,0.0384481184238967,0,0.0901805379045767,1
"md$A_HS_DENTAL_VISIT_LAST",1,0.0364056579707202,0.0364056579707202,0,0.08538992161783,1
"md$PM_BIOIMPED_BMI",1,0.0827339168533603,0.0827339168533603,0,0.194053426556014,1
"md$PM_BIOIMPED_WEIGHT",1,0.0570017247651046,0.0570017247651046,0,0.133698251345658,1
"md$PM_WAIST_AVG",1,0.0707593093308026,0.0707593093308026,0,0.165966836318369,1
"md$PM_WAIST_HIP_RATIO",1,0.0820513006280398,0.0820513006280398,0,0.192452341746008,1
"Residuals",0,-1.97736581408388e-17,-Inf,NA,-4.63793600462315e-17,NA
"Total",7,0.426346075519976,NA,NA,1,NA
