"","Df","SumsOfSqs","MeanSqs","F.Model","R2","Pr(>F)"
"md$Both_case_control",1,54.4539954902278,54.4539954902278,0,0.144782882494329,1
"md$F1_SDC_AGE_CALC",1,46.0567077815869,46.0567077815869,0,0.122456081519561,1
"md$A_HS_DENTAL_VISIT_LAST",1,52.553210193414,52.553210193414,0,0.139729053628366,1
"md$PM_BIOIMPED_BMI",1,51.4622738090927,51.4622738090927,0,0.136828459963603,1
"md$PM_BIOIMPED_WEIGHT",1,57.0170339306859,57.0170339306859,0,0.151597517306937,1
"md$PM_WAIST_AVG",1,28.5670173768654,28.5670173768654,0,0.0759543001914413,1
"md$PM_WAIST_HIP_RATIO",1,85.9977277197432,85.9977277197432,0,0.228651704895764,1
"Residuals",0,6.83661113433636e-15,Inf,NA,1.81772569232256e-17,NA
"Total",7,376.107966301616,NA,NA,1,NA
