"","Df","SumsOfSqs","MeanSqs","F.Model","R2","Pr(>F)"
"md$Both_case_control",1,111.418359682212,111.418359682212,0,0.144662070188377,1
"md$F1_SDC_AGE_CALC",1,74.7482883241921,74.7482883241921,0,0.0970508106819815,1
"md$A_HS_DENTAL_VISIT_LAST",1,101.576208583385,101.576208583385,0,0.131883332849897,1
"md$PM_BIOIMPED_BMI",1,126.932182198814,126.932182198814,0,0.164804726104222,1
"md$PM_BIOIMPED_WEIGHT",1,123.275879481411,123.275879481411,0,0.16005749843148,1
"md$PM_WAIST_AVG",1,78.3747524502432,78.3747524502432,0,0.101759296872541,1
"md$PM_WAIST_HIP_RATIO",1,153.87179387516,153.87179387516,0,0.199782264871501,1
"Residuals",0,3.56116536376358e-14,Inf,NA,4.62370434526715e-17,NA
"Total",7,770.197464595418,NA,NA,1,NA
