"","Df","SumsOfSqs","MeanSqs","F.Model","R2","Pr(>F)"
"md$Crohn_case_control",1,0.214992896290573,0.214992896290573,1.23155130965847,0.0488099718699041,0.224
"Residuals",24,4.18969917900103,0.174570799125043,NA,0.951190028130096,NA
"Total",25,4.40469207529161,NA,NA,1,NA
