"","Df","SumsOfSqs","MeanSqs","F.Model","R2","Pr(>F)"
"md$Both_case_control",1,0.0253118881319745,0.0253118881319745,0,0.0571169072072205,1
"md$F1_SDC_AGE_CALC",1,0.107496655337108,0.107496655337108,0,0.242568885259103,1
"md$A_HS_DENTAL_VISIT_LAST",1,0.0685208145276599,0.0685208145276599,0,0.154618927862424,1
"md$PM_BIOIMPED_BMI",1,0.108329042535982,0.108329042535982,0,0.244447187744902,1
"md$PM_BIOIMPED_WEIGHT",1,0.0364577402320835,0.0364577402320835,0,0.0822678006067193,1
"md$PM_WAIST_AVG",1,0.0649764336548081,0.0649764336548081,0,0.146620943975715,1
"md$PM_WAIST_HIP_RATIO",1,0.0320667171040442,0.0320667171040442,0,0.0723593473439157,1
"Residuals",0,6.62943293701199e-17,Inf,NA,1.49594808544323e-16,NA
"Total",7,0.443159291523661,NA,NA,1,NA
