"","Df","SumsOfSqs","MeanSqs","F.Model","R2","Pr(>F)"
"md$Both_case_control",1,0.0159493211449252,0.0159493211449252,0,0.0482156288641287,1
"md$F1_SDC_AGE_CALC",1,0.0930967192616893,0.0930967192616893,0,0.2814362331539,1
"md$A_HS_DENTAL_VISIT_LAST",1,0.0400340726403022,0.0400340726403022,0,0.121025087576129,1
"md$PM_BIOIMPED_BMI",1,0.0643100215042458,0.0643100215042458,0,0.194412545895689,1
"md$PM_BIOIMPED_WEIGHT",1,0.0226038967924851,0.0226038967924851,0,0.0683327577848858,1
"md$PM_WAIST_AVG",1,0.01984683399917,0.01984683399917,0,0.0599980133033079,1
"md$PM_WAIST_HIP_RATIO",1,0.0749506543503152,0.0749506543503152,0,0.22657973342196,1
"Residuals",0,5.43080515768417e-17,Inf,NA,1.64176069650219e-16,NA
"Total",7,0.330791519693133,NA,NA,1,NA
