"","Df","SumsOfSqs","MeanSqs","F.Model","R2","Pr(>F)"
"md$Both_case_control",1,3.25699308636777,3.25699308636777,0,0.206780693995561,1
"md$F1_SDC_AGE_CALC",1,2.00109020484122,2.00109020484122,0,0.127045655404275,1
"md$A_HS_DENTAL_VISIT_LAST",1,1.11704682190463,1.11704682190463,0,0.0709193145130593,1
"md$PM_BIOIMPED_BMI",1,0.0420607476422425,0.0420607476422425,0,0.00267036200470859,1
"md$PM_BIOIMPED_WEIGHT",1,1.87071250877002,1.87071250877002,0,0.118768207537412,1
"md$PM_WAIST_AVG",1,5.98199074714445,5.98199074714445,0,0.379785945308536,1
"md$PM_WAIST_HIP_RATIO",1,1.48105933760957,1.48105933760957,0,0.0940298212364488,1
"Residuals",0,1.15670628028885e-16,Inf,NA,7.34372229367833e-18,NA
"Total",7,15.7509534542799,NA,NA,1,NA
