"","Df","SumsOfSqs","MeanSqs","F.Model","R2","Pr(>F)"
"md$Both_case_control",1,0.133610082200459,0.133610082200459,0,0.287522375580829,1
"md$F1_SDC_AGE_CALC",1,0.0578994503231953,0.0578994503231953,0,0.124596791107222,1
"md$A_HS_DENTAL_VISIT_LAST",1,0.0858744885604052,0.0858744885604052,0,0.184797707972607,1
"md$PM_BIOIMPED_BMI",1,0.0406340949615869,0.0406340949615869,0,0.0874425890660242,1
"md$PM_BIOIMPED_WEIGHT",1,0.0684333296844969,0.0684333296844969,0,0.147265185349351,1
"md$PM_WAIST_AVG",1,0.0225605759846998,0.0225605759846998,0,0.0485492583700425,1
"md$PM_WAIST_HIP_RATIO",1,0.0556825326847958,0.0556825326847958,0,0.119826092553924,1
"Residuals",0,2.04144471472256e-17,Inf,NA,4.39308938612375e-17,NA
"Total",7,0.464694554399639,NA,NA,1,NA
