"","Df","SumsOfSqs","MeanSqs","F.Model","R2","Pr(>F)"
"md$Both_case_control",1,702.394359132264,702.394359132264,0,0.156770923817358,1
"md$F1_SDC_AGE_CALC",1,446.620084583366,446.620084583366,0,0.099683379208825,1
"md$PM_BIOIMPED_WEIGHT",1,721.224643492684,721.224643492684,0,0.160973749532778,1
"md$PM_WAIST_AVG",1,528.530010059605,528.530010059605,0,0.117965266754996,1
"md$PM_WAIST_HIP_RATIO",1,654.700212995008,654.700212995008,0,0.146125827863207,1
"md$PM_STANDING_HEIGHT_AVG",1,703.99724829401,703.99724829401,0,0.157128680697659,1
"md$A_SLE_LIGHT_EXP",1,722.920123035681,722.920123035681,0,0.161352172125177,1
"Residuals",0,8.79438497988657e-13,Inf,NA,1.96286294127642e-16,NA
"Total",7,4480.38668159262,NA,NA,1,NA
