"","Df","SumsOfSqs","MeanSqs","F.Model","R2","Pr(>F)"
"md$Both_case_control",1,83.614667310153,83.614667310153,0,0.149835880160798,1
"md$F1_SDC_AGE_CALC",1,52.9123431959815,52.9123431959815,0,0.0948179041929575,1
"md$A_HS_DENTAL_VISIT_LAST",1,67.0918210661268,67.0918210661268,0,0.120227256585798,1
"md$PM_BIOIMPED_BMI",1,77.1238613370294,77.1238613370294,0,0.13820448034516,1
"md$PM_BIOIMPED_WEIGHT",1,98.2554648338623,98.2554648338623,0,0.176071908525102,1
"md$PM_WAIST_AVG",1,56.2759006576751,56.2759006576751,0,0.100845334654109,1
"md$PM_WAIST_HIP_RATIO",1,122.767628412911,122.767628412911,0,0.219997235536075,1
"Residuals",0,1.30151077484008e-14,Inf,NA,2.33228234663138e-17,NA
"Total",7,558.041686813739,NA,NA,1,NA
