"","Df","SumsOfSqs","MeanSqs","F.Model","R2","Pr(>F)"
"md$Both_case_control",1,702.394359132264,702.394359132264,0,0.156770923817358,1
"md$F1_SDC_AGE_CALC",1,446.620084583366,446.620084583366,0,0.099683379208825,1
"md$A_HS_DENTAL_VISIT_LAST",1,579.236138735588,579.236138735588,0,0.129282622215476,1
"md$PM_BIOIMPED_BMI",1,655.8276476704,655.8276476704,0,0.146377465669387,1
"md$PM_BIOIMPED_WEIGHT",1,738.483585398191,738.483585398191,0,0.164825859435795,1
"md$PM_WAIST_AVG",1,586.422415480441,586.422415480441,0,0.130886563405279,1
"md$PM_WAIST_HIP_RATIO",1,771.402450592368,771.402450592368,0,0.17217318624788,1
"Residuals",0,4.07931163361976e-13,Inf,NA,9.10482046199127e-17,NA
"Total",7,4480.38668159262,NA,NA,1,NA
