"","Df","SumsOfSqs","MeanSqs","F.Model","R2","Pr(>F)"
"md$Both_case_control",1,0.0610210456059596,0.0610210456059596,0,0.141747256099788,1
"md$F1_SDC_AGE_CALC",1,0.0414264782550744,0.0414264782550744,0,0.0962305638033975,1
"md$A_HS_DENTAL_VISIT_LAST",1,0.0379407477068676,0.0379407477068676,0,0.0881334763837211,1
"md$PM_BIOIMPED_BMI",1,0.0801518709703513,0.0801518709703513,0,0.186186710969796,1
"md$PM_BIOIMPED_WEIGHT",1,0.0564909473391902,0.0564909473391902,0,0.131224181760428,1
"md$PM_WAIST_AVG",1,0.0719594304288522,0.0719594304288522,0,0.167156293578771,1
"md$PM_WAIST_HIP_RATIO",1,0.0815013797485581,0.0815013797485581,0,0.189321517404098,1
"Residuals",0,-2.40176347836466e-17,-Inf,NA,-5.57911421343497e-17,NA
"Total",7,0.430491900054853,NA,NA,1,NA
