"","Df","SumsOfSqs","MeanSqs","F.Model","R2","Pr(>F)"
"md$Both_case_control",1,43.3136971522824,43.3136971522824,0,0.155690604529103,1
"md$F1_SDC_AGE_CALC",1,36.9691750473589,36.9691750473589,0,0.132885290115721,1
"md$A_HS_DENTAL_VISIT_LAST",1,29.4558339754252,29.4558339754252,0,0.105878668875099,1
"md$PM_BIOIMPED_BMI",1,41.125896140492,41.125896140492,0,0.147826578031492,1
"md$PM_BIOIMPED_WEIGHT",1,34.2035500390161,34.2035500390161,0,0.12294428166438,1
"md$PM_WAIST_AVG",1,19.2251798822401,19.2251798822401,0,0.0691046960854734,1
"md$PM_WAIST_HIP_RATIO",1,73.9103351154168,73.9103351154168,0,0.265669880698731,1
"Residuals",0,1.38390945331831e-15,Inf,NA,4.97444719722604e-18,NA
"Total",7,278.203667352231,NA,NA,1,NA
