"","Df","SumsOfSqs","MeanSqs","F.Model","R2","Pr(>F)"
"md$Both_case_control",1,0.00847984942058394,0.00847984942058394,0,0.0319667571048447,1
"md$F1_SDC_AGE_CALC",1,0.0382336980117406,0.0382336980117406,0,0.144130783100289,1
"md$PM_BIOIMPED_WEIGHT",1,0.00142853395908454,0.00142853395908454,0,0.00538518973877404,1
"md$PM_WAIST_AVG",1,0.131978357854375,0.131978357854375,0,0.497522998272363,1
"md$PM_WAIST_HIP_RATIO",1,0.00456090242982796,0.00456090242982796,0,0.0171933784342089,1
"md$PM_STANDING_HEIGHT_AVG",1,0.0700356244336805,0.0700356244336805,0,0.264015513002285,1
"md$A_SLE_LIGHT_EXP",1,0.0105539023986291,0.0105539023986291,0,0.0397853803472352,1
"Residuals",0,3.89950413407382e-17,Inf,NA,1.47000843176165e-16,NA
"Total",7,0.265270868507922,NA,NA,1,NA
