"","Df","SumsOfSqs","MeanSqs","F.Model","R2","Pr(>F)"
"md$Both_case_control",1,30.755644824825,30.755644824825,0,0.0930185243980178,1
"md$F1_SDC_AGE_CALC",1,73.7361630819535,73.7361630819535,0,0.223010413981588,1
"md$PM_BIOIMPED_WEIGHT",1,51.2151234757644,51.2151234757644,0,0.154896938097444,1
"md$PM_WAIST_AVG",1,66.0031288787505,66.0031288787505,0,0.199622335636999,1
"md$PM_WAIST_HIP_RATIO",1,32.2435797326772,32.2435797326772,0,0.0975186904754006,1
"md$PM_STANDING_HEIGHT_AVG",1,34.9466510382556,34.9466510382556,0,0.10569396059637,1
"md$A_SLE_LIGHT_EXP",1,41.7397080847714,41.7397080847714,0,0.126239136814181,1
"Residuals",0,-3.42319162074479e-15,-Inf,NA,-1.03532289798171e-17,NA
"Total",7,330.639999116998,NA,NA,1,NA
