"","Df","SumsOfSqs","MeanSqs","F.Model","R2","Pr(>F)"
"md$Both_case_control",1,0.0828029500357645,0.0828029500357645,0,0.119367982018186,1
"md$F1_SDC_AGE_CALC",1,0.0703345504510649,0.0703345504510649,0,0.101393650224703,1
"md$A_HS_DENTAL_VISIT_LAST",1,0.0416018356827814,0.0416018356827814,0,0.0599728291269921,1
"md$PM_BIOIMPED_BMI",1,0.136380096218561,0.136380096218561,0,0.196604310184893,1
"md$PM_BIOIMPED_WEIGHT",1,0.11137817062761,0.11137817062761,0,0.160561760939104,1
"md$PM_WAIST_AVG",1,0.121005415075641,0.121005415075641,0,0.174440309247598,1
"md$PM_WAIST_HIP_RATIO",1,0.130175040595616,0.130175040595616,0,0.187659158258523,1
"Residuals",0,-1.92253124353679e-17,-Inf,NA,-2.77150360957887e-17,NA
"Total",7,0.693678058687038,NA,NA,1,NA
