"","Df","SumsOfSqs","MeanSqs","F.Model","R2","Pr(>F)"
"md$Both_case_control",1,0.0253118881319745,0.0253118881319745,0,0.0571169072072205,1
"md$F1_SDC_AGE_CALC",1,0.107496655337108,0.107496655337108,0,0.242568885259103,1
"md$PM_BIOIMPED_WEIGHT",1,0.0401142676599926,0.0401142676599926,0,0.0905188459934407,1
"md$PM_WAIST_AVG",1,0.0554317710872457,0.0554317710872457,0,0.12508317471278,1
"md$PM_WAIST_HIP_RATIO",1,0.033151318913757,0.033151318913757,0,0.0748067783928818,1
"md$PM_STANDING_HEIGHT_AVG",1,0.0771342885265536,0.0771342885265536,0,0.174055446883111,1
"md$A_SLE_LIGHT_EXP",1,0.104519101867029,0.104519101867029,0,0.235849961551463,1
"Residuals",0,2.80210992066759e-17,Inf,NA,6.32303096034259e-17,NA
"Total",7,0.443159291523661,NA,NA,1,NA
