"","Df","SumsOfSqs","MeanSqs","F.Model","R2","Pr(>F)"
"md$Both_case_control",1,2.4578476535809,2.4578476535809,0,0.212581307153813,1
"md$F1_SDC_AGE_CALC",1,1.53528997609089,1.53528997609089,0,0.132788519053264,1
"md$A_HS_DENTAL_VISIT_LAST",1,1.44930456289282,1.44930456289282,0,0.125351568472875,1
"md$PM_BIOIMPED_BMI",1,0.252844301489353,0.252844301489353,0,0.0218687159225226,1
"md$PM_BIOIMPED_WEIGHT",1,1.97586369815168,1.97586369815168,0,0.170894110177617,1
"md$PM_WAIST_AVG",1,3.40813910668879,3.40813910668879,0,0.294772812792681,1
"md$PM_WAIST_HIP_RATIO",1,0.482628757252083,0.482628757252083,0,0.0417429664272278,1
"Residuals",0,1.59224282879867e-15,Inf,NA,1.37714419101267e-16,NA
"Total",7,11.5619180561465,NA,NA,1,NA
