"","Df","SumsOfSqs","MeanSqs","F.Model","R2","Pr(>F)"
"md$Both_case_control",1,0.146746800365144,0.146746800365144,0,0.313799154965421,1
"md$F1_SDC_AGE_CALC",1,0.0523642176648416,0.0523642176648416,0,0.111974143305108,1
"md$PM_BIOIMPED_WEIGHT",1,0.0411354575605646,0.0411354575605646,0,0.087962884298002,1
"md$PM_WAIST_AVG",1,0.0326431843300904,0.0326431843300904,0,0.0698032504468556,1
"md$PM_WAIST_HIP_RATIO",1,0.0476714557286779,0.0476714557286779,0,0.10193927558494,1
"md$PM_STANDING_HEIGHT_AVG",1,0.070559446382404,0.070559446382404,0,0.150882299270121,1
"md$A_SLE_LIGHT_EXP",1,0.0765250579232273,0.0765250579232273,0,0.163638992129552,1
"Residuals",0,8.96407568474998e-17,Inf,NA,1.91685227066032e-16,NA
"Total",7,0.46764561995495,NA,NA,1,NA
