"","Df","SumsOfSqs","MeanSqs","F.Model","R2","Pr(>F)"
"md$Crohn_case_control",1,1.13964322381306,1.13964322381306,0.479369275307522,0.0131408323342915,0.631
"Residuals",36,85.5857022354024,2.37738061765007,NA,0.986859167665708,NA
"Total",37,86.7253454592155,NA,NA,1,NA
