"","Df","SumsOfSqs","MeanSqs","F.Model","R2","Pr(>F)"
"md$Both_case_control",1,340.613647549646,340.613647549646,0,0.160950015075655,1
"md$F1_SDC_AGE_CALC",1,236.145349021321,236.145349021321,0,0.111585656530359,1
"md$A_HS_DENTAL_VISIT_LAST",1,301.437960737577,301.437960737577,0,0.142438345245741,1
"md$PM_BIOIMPED_BMI",1,222.898597122828,222.898597122828,0,0.105326174759432,1
"md$PM_BIOIMPED_WEIGHT",1,357.892196461178,357.892196461178,0,0.169114640092306,1
"md$PM_WAIST_AVG",1,301.433432771667,301.433432771667,0,0.142436205648028,1
"md$PM_WAIST_HIP_RATIO",1,355.848562502254,355.848562502254,0,0.16814896264848,1
"Residuals",0,1.8885309958195e-13,Inf,NA,8.92386709794673e-17,NA
"Total",7,2116.26974616647,NA,NA,1,NA
