"","Df","SumsOfSqs","MeanSqs","F.Model","R2","Pr(>F)"
"md$Both_case_control",1,0.882714601826307,0.882714601826307,0,0.0733432648966793,1
"md$F1_SDC_AGE_CALC",1,1.4703860050416,1.4703860050416,0,0.122171888903857,1
"md$A_HS_DENTAL_VISIT_LAST",1,1.42040692774107,1.42040692774107,0,0.118019211811895,1
"md$PM_BIOIMPED_BMI",1,0.108166983061062,0.108166983061062,0,0.00898741187163815,1
"md$PM_BIOIMPED_WEIGHT",1,2.03753927665833,2.03753927665833,0,0.169295696022422,1
"md$PM_WAIST_AVG",1,4.35058878468956,4.35058878468956,0,0.361483071687983,1
"md$PM_WAIST_HIP_RATIO",1,1.76558476118041,1.76558476118041,0,0.146699454805525,1
"Residuals",0,2.27855750254596e-15,Inf,NA,1.89321493204921e-16,NA
"Total",7,12.0353873401983,NA,NA,1,NA
