"","Df","SumsOfSqs","MeanSqs","F.Model","R2","Pr(>F)"
"md$Crohn_case_control",1,0.253675346222927,0.253675346222927,0.142683237139343,0.00590999913878045,0.862
"Residuals",24,42.6694013355233,1.77789172231347,NA,0.99409000086122,NA
"Total",25,42.9230766817462,NA,NA,1,NA
