"","Df","SumsOfSqs","MeanSqs","F.Model","R2","Pr(>F)"
"md$Both_case_control",1,20.8599873918809,20.8599873918809,0,0.103466015526413,1
"md$F1_SDC_AGE_CALC",1,30.0067190870542,30.0067190870542,0,0.148834014356416,1
"md$PM_BIOIMPED_WEIGHT",1,27.4569540083082,27.4569540083082,0,0.136187121131115,1
"md$PM_WAIST_AVG",1,36.5812775709753,36.5812775709753,0,0.181443975110344,1
"md$PM_WAIST_HIP_RATIO",1,21.4350451958715,21.4350451958715,0,0.106318315413201,1
"md$PM_STANDING_HEIGHT_AVG",1,34.3188999449602,34.3188999449602,0,0.170222530236845,1
"md$A_SLE_LIGHT_EXP",1,30.9530884783148,30.9530884783148,0,0.153528028225667,1
"Residuals",0,-1.64529380272097e-14,-Inf,NA,-8.16069496782608e-17,NA
"Total",7,201.611971677365,NA,NA,1,NA
