"","Df","SumsOfSqs","MeanSqs","F.Model","R2","Pr(>F)"
"md$Both_case_control",1,1.37995682357544,1.37995682357544,0,0.133882734814422,1
"md$F1_SDC_AGE_CALC",1,1.46344732036749,1.46344732036749,0,0.141982941901028,1
"md$PM_BIOIMPED_WEIGHT",1,0.0289819083557843,0.0289819083557843,0,0.00281181054691255,1
"md$PM_WAIST_AVG",1,2.59519886644075,2.59519886644075,0,0.251784922318175,1
"md$PM_WAIST_HIP_RATIO",1,0.104527763059127,0.104527763059127,0,0.0101412323511184,1
"md$PM_STANDING_HEIGHT_AVG",1,2.67628231231809,2.67628231231809,0,0.259651598504541,1
"md$A_SLE_LIGHT_EXP",1,2.05881022908275,2.05881022908275,0,0.199744759563803,1
"Residuals",0,1.22030299597841e-15,Inf,NA,1.18393198694807e-16,NA
"Total",7,10.3072052231994,NA,NA,1,NA
