"","Df","SumsOfSqs","MeanSqs","F.Model","R2","Pr(>F)"
"md$Both_case_control",1,88.9592413426709,88.9592413426709,0,0.120200199458514,1
"md$F1_SDC_AGE_CALC",1,113.075347517672,113.075347517672,0,0.152785468044965,1
"md$A_HS_DENTAL_VISIT_LAST",1,89.5343148741356,89.5343148741356,0,0.120977228940129,1
"md$PM_BIOIMPED_BMI",1,102.769391827605,102.769391827605,0,0.138860237671373,1
"md$PM_BIOIMPED_WEIGHT",1,109.905892012238,109.905892012238,0,0.148502954186056,1
"md$PM_WAIST_AVG",1,115.389385260116,115.389385260116,0,0.155912156110175,1
"md$PM_WAIST_HIP_RATIO",1,120.458721050435,120.458721050435,0,0.162761755588788,1
"Residuals",0,-4.24018935662063e-14,-Inf,NA,-5.72927105396969e-17,NA
"Total",7,740.092293884873,NA,NA,1,NA
