"","Df","SumsOfSqs","MeanSqs","F.Model","R2","Pr(>F)"
"md$Both_case_control",1,0.0828029500357645,0.0828029500357645,0,0.119367982018186,1
"md$F1_SDC_AGE_CALC",1,0.0703345504510649,0.0703345504510649,0,0.101393650224703,1
"md$PM_BIOIMPED_WEIGHT",1,0.0421300351874733,0.0421300351874733,0,0.0607342767439049,1
"md$PM_WAIST_AVG",1,0.176206003840774,0.176206003840774,0,0.25401697752166,1
"md$PM_WAIST_HIP_RATIO",1,0.10052955002067,0.10052955002067,0,0.144922487833835,1
"md$PM_STANDING_HEIGHT_AVG",1,0.115181279726513,0.115181279726513,0,0.166044288534256,1
"md$A_SLE_LIGHT_EXP",1,0.106493689424778,0.106493689424778,0,0.153520337123455,1
"Residuals",0,-6.60766097823371e-17,-Inf,NA,-9.52554415623349e-17,NA
"Total",7,0.693678058687038,NA,NA,1,NA
