"","Df","SumsOfSqs","MeanSqs","F.Model","R2","Pr(>F)"
"md$Both_case_control",1,280.104445964955,280.104445964955,0,0.142053400258638,1
"md$F1_SDC_AGE_CALC",1,313.875283763156,313.875283763156,0,0.159180091419469,1
"md$PM_BIOIMPED_WEIGHT",1,301.172163607592,301.172163607592,0,0.152737775212115,1
"md$PM_WAIST_AVG",1,305.040108899504,305.040108899504,0,0.154699381993606,1
"md$PM_WAIST_HIP_RATIO",1,235.435893286996,235.435893286996,0,0.119399994059831,1
"md$PM_STANDING_HEIGHT_AVG",1,220.790251707569,220.790251707569,0,0.111972538996917,1
"md$A_SLE_LIGHT_EXP",1,315.406852769983,315.406852769983,0,0.159956818059423,1
"Residuals",0,-1.29583302275693e-13,-Inf,NA,-6.57174456534984e-17,NA
"Total",7,1971.82499999975,NA,NA,1,NA
