"","Df","SumsOfSqs","MeanSqs","F.Model","R2","Pr(>F)"
"md$Both_case_control",1,0.256341000868377,0.256341000868377,0,0.31948402336734,1
"md$F1_SDC_AGE_CALC",1,0.0843273755674853,0.0843273755674853,0,0.105099258936507,1
"md$PM_BIOIMPED_WEIGHT",1,0.0617716542754436,0.0617716542754436,0,0.0769875149551609,1
"md$PM_WAIST_AVG",1,0.0429517036168758,0.0429517036168758,0,0.0535317527649314,1
"md$PM_WAIST_HIP_RATIO",1,0.0755411533456417,0.0755411533456417,0,0.0941487765083159,1
"md$PM_STANDING_HEIGHT_AVG",1,0.157818634765594,0.157818634765594,0,0.19669320251715,1
"md$A_SLE_LIGHT_EXP",1,0.123607851173573,0.123607851173573,0,0.154055470950594,1
"Residuals",0,1.43923125136669e-16,Inf,NA,1.7937489094019e-16,NA
"Total",7,0.80235937361299,NA,NA,1,NA
