"","Df","SumsOfSqs","MeanSqs","F.Model","R2","Pr(>F)"
"md$Both_case_control",1,0.0580991371939306,0.0580991371939306,0,0.0898125130022213,1
"md$F1_SDC_AGE_CALC",1,0.0657843619412979,0.0657843619412979,0,0.10169271262109,1
"md$A_HS_DENTAL_VISIT_LAST",1,0.0484303710428292,0.0484303710428292,0,0.0748660572095534,1
"md$PM_BIOIMPED_BMI",1,0.126866366020998,0.126866366020998,0,0.196116288435963,1
"md$PM_BIOIMPED_WEIGHT",1,0.0967098700548144,0.0967098700548144,0,0.1494988889895,1
"md$PM_WAIST_AVG",1,0.133610932313155,0.133610932313155,0,0.206542371800795,1
"md$PM_WAIST_HIP_RATIO",1,0.117392531736409,0.117392531736409,0,0.181471167940878,1
"Residuals",0,-2.99173146623294e-17,-Inf,NA,-4.62476611852801e-17,NA
"Total",7,0.646893570303435,NA,NA,1,NA
