"","Df","SumsOfSqs","MeanSqs","F.Model","R2","Pr(>F)"
"md$Both_case_control",1,0.107663184593322,0.107663184593322,0,0.120807792306785,1
"md$F1_SDC_AGE_CALC",1,0.0928513156293701,0.0928513156293701,0,0.104187540953163,1
"md$A_HS_DENTAL_VISIT_LAST",1,0.0583249009096712,0.0583249009096712,0,0.0654457932117161,1
"md$PM_BIOIMPED_BMI",1,0.18810422765117,0.18810422765117,0,0.211069889414364,1
"md$PM_BIOIMPED_WEIGHT",1,0.130519560270554,0.130519560270554,0,0.146454704908626,1
"md$PM_WAIST_AVG",1,0.150527836737221,0.150527836737221,0,0.168905793615804,1
"md$PM_WAIST_HIP_RATIO",1,0.163203015069211,0.163203015069211,0,0.183128485589542,1
"Residuals",0,-2.49681655581861e-17,-Inf,NA,-2.80165310958289e-17,NA
"Total",7,0.891194040860519,NA,NA,1,NA
