"","Df","SumsOfSqs","MeanSqs","F.Model","R2","Pr(>F)"
"md$Both_case_control",1,3.01360177772777,3.01360177772777,0,0.307596353589219,1
"md$F1_SDC_AGE_CALC",1,0.180090428764364,0.180090428764364,0,0.0183817117489242,1
"md$A_HS_DENTAL_VISIT_LAST",1,1.11004645668482,1.11004645668482,0,0.113301712560154,1
"md$PM_BIOIMPED_BMI",1,2.27785756916281,2.27785756916281,0,0.232499425587137,1
"md$PM_BIOIMPED_WEIGHT",1,0.158190933228967,0.158190933228967,0,0.0161464446270649,1
"md$PM_WAIST_AVG",1,0.453164285952054,0.453164285952054,0,0.0462541809491545,1
"md$PM_WAIST_HIP_RATIO",1,2.60430961013764,2.60430961013764,0,0.265820170938346,1
"Residuals",0,-1.19600124773471e-15,-Inf,NA,-1.22075061612399e-16,NA
"Total",7,9.79726106165842,NA,NA,1,NA
