"","Df","SumsOfSqs","MeanSqs","F.Model","R2","Pr(>F)"
"md$Both_case_control",1,0.365262574548631,0.365262574548631,0,0.248950172599359,1
"md$F1_SDC_AGE_CALC",1,0.13899865176116,0.13899865176116,0,0.0947366107512659,1
"md$PM_BIOIMPED_WEIGHT",1,0.161094787888089,0.161094787888089,0,0.109796562922319,1
"md$PM_WAIST_AVG",1,0.174479103813899,0.174479103813899,0,0.118918843692453,1
"md$PM_WAIST_HIP_RATIO",1,0.111951955175021,0.111951955175021,0,0.0763025300308903,1
"md$PM_STANDING_HEIGHT_AVG",1,0.261539603705519,0.261539603705519,0,0.178256229958726,1
"md$A_SLE_LIGHT_EXP",1,0.253884896953247,0.253884896953247,0,0.173039050044987,1
"Residuals",0,2.54657118304224e-16,Inf,NA,1.73565369060419e-16,NA
"Total",7,1.46721157384557,NA,NA,1,NA
