"","Df","SumsOfSqs","MeanSqs","F.Model","R2","Pr(>F)"
"md$Both_case_control",1,34.1499274588472,34.1499274588472,0,0.112573391748193,1
"md$F1_SDC_AGE_CALC",1,42.7667218761962,42.7667218761962,0,0.140978189232077,1
"md$A_HS_DENTAL_VISIT_LAST",1,33.6035691386699,33.6035691386699,0,0.110772351049459,1
"md$PM_BIOIMPED_BMI",1,53.9579361245936,53.9579361245936,0,0.177869422668545,1
"md$PM_BIOIMPED_WEIGHT",1,44.7720646265911,44.7720646265911,0,0.147588693318846,1
"md$PM_WAIST_AVG",1,36.6139506819471,36.6139506819471,0,0.12069591124417,1
"md$PM_WAIST_HIP_RATIO",1,57.4928394940495,57.4928394940495,0,0.18952204073871,1
"Residuals",0,-1.78801000062942e-14,-Inf,NA,-5.894078413288e-17,NA
"Total",7,303.357009400895,NA,NA,1,NA
