"","Df","SumsOfSqs","MeanSqs","F.Model","R2","Pr(>F)"
"md$Both_case_control",1,147.025863905226,147.025863905226,0,0.161841559090636,1
"md$F1_SDC_AGE_CALC",1,114.600026551346,114.600026551346,0,0.126148192408199,1
"md$PM_BIOIMPED_WEIGHT",1,80.1647101948674,80.1647101948674,0,0.0882428529061351,1
"md$PM_WAIST_AVG",1,139.439477143068,139.439477143068,0,0.153490697352162,1
"md$PM_WAIST_HIP_RATIO",1,97.8618481544108,97.8618481544108,0,0.10772331928626,1
"md$PM_STANDING_HEIGHT_AVG",1,164.099361359297,164.099361359297,0,0.180635541140474,1
"md$A_SLE_LIGHT_EXP",1,165.264270901574,165.264270901574,0,0.181917837816134,1
"Residuals",0,1.5319144811661e-13,Inf,NA,1.68628444982482e-16,NA
"Total",7,908.45555820979,NA,NA,1,NA
