"","Df","SumsOfSqs","MeanSqs","F.Model","R2","Pr(>F)"
"md$Both_case_control",1,73.852139791053,73.852139791053,0,0.155395630340065,1
"md$F1_SDC_AGE_CALC",1,41.0965263616822,41.0965263616822,0,0.0864730614011863,1
"md$A_HS_DENTAL_VISIT_LAST",1,62.7309030485598,62.7309030485598,0,0.131994932694062,1
"md$PM_BIOIMPED_BMI",1,40.5123350920031,40.5123350920031,0,0.0852438381065358,1
"md$PM_BIOIMPED_WEIGHT",1,56.1600265203867,56.1600265203867,0,0.118168853952524,1
"md$PM_WAIST_AVG",1,84.8519006188316,84.8519006188316,0,0.178540725015165,1
"md$PM_WAIST_HIP_RATIO",1,116.048526883068,116.048526883068,0,0.244182958490461,1
"Residuals",0,3.15327717529421e-14,Inf,NA,6.634953241411e-17,NA
"Total",7,475.252358315585,NA,NA,1,NA
