"","Df","SumsOfSqs","MeanSqs","F.Model","R2","Pr(>F)"
"md$Both_case_control",1,0.0580991371939306,0.0580991371939306,0,0.0898125130022214,1
"md$F1_SDC_AGE_CALC",1,0.0657843619412979,0.0657843619412979,0,0.10169271262109,1
"md$PM_BIOIMPED_WEIGHT",1,0.0304004572443638,0.0304004572443638,0,0.046994526827812,1
"md$PM_WAIST_AVG",1,0.190166785292491,0.190166785292491,0,0.29396919991536,1
"md$PM_WAIST_HIP_RATIO",1,0.0824475318473544,0.0824475318473544,0,0.127451462856063,1
"md$PM_STANDING_HEIGHT_AVG",1,0.114211533557186,0.114211533557186,0,0.176553823998612,1
"md$A_SLE_LIGHT_EXP",1,0.10578376322681,0.10578376322681,0,0.163525760778842,1
"Residuals",0,-5.83901023537689e-17,-Inf,NA,-9.02623013031034e-17,NA
"Total",7,0.646893570303434,NA,NA,1,NA
