"","Df","SumsOfSqs","MeanSqs","F.Model","R2","Pr(>F)"
"md$Both_case_control",1,0.00384577589133412,0.00384577589133412,0,0.0751547504073299,1
"md$F1_SDC_AGE_CALC",1,0.0073481431912042,0.0073481431912042,0,0.143598556727312,1
"md$PM_BIOIMPED_WEIGHT",1,0.00528702226228004,0.00528702226228004,0,0.103319811072457,1
"md$PM_WAIST_AVG",1,0.00796346947530559,0.00796346947530559,0,0.155623358641775,1
"md$PM_WAIST_HIP_RATIO",1,0.00697059498564157,0.00697059498564157,0,0.136220450993244,1
"md$PM_STANDING_HEIGHT_AVG",1,0.00771595273828942,0.00771595273828942,0,0.150786348083255,1
"md$A_SLE_LIGHT_EXP",1,0.0120404693495974,0.0120404693495974,0,0.235296724074627,1
"Residuals",0,1.09039362848453e-17,Inf,NA,2.13086418215778e-16,NA
"Total",7,0.0511714278936523,NA,NA,1,NA
