"","Df","SumsOfSqs","MeanSqs","F.Model","R2","Pr(>F)"
"md$Both_case_control",1,0.240177018399278,0.240177018399278,0,0.316594243252441,1
"md$F1_SDC_AGE_CALC",1,0.079830134947983,0.079830134947983,0,0.105229723189339,1
"md$PM_BIOIMPED_WEIGHT",1,0.0671384464303326,0.0671384464303326,0,0.0884999146979983,1
"md$PM_WAIST_AVG",1,0.0300679383437513,0.0300679383437513,0,0.0396346671698445,1
"md$PM_WAIST_HIP_RATIO",1,0.0820295079470499,0.0820295079470499,0,0.108128871637889,1
"md$PM_STANDING_HEIGHT_AVG",1,0.151972393925507,0.151972393925507,0,0.200325515616661,1
"md$A_SLE_LIGHT_EXP",1,0.107411804557003,0.107411804557003,0,0.141587064435828,1
"Residuals",0,1.51947823905636e-16,Inf,NA,2.0029312814304e-16,NA
"Total",7,0.758627244550905,NA,NA,1,NA
