"","Df","SumsOfSqs","MeanSqs","F.Model","R2","Pr(>F)"
"md$Both_case_control",1,34.1499274588472,34.1499274588472,0,0.112573391748193,1
"md$F1_SDC_AGE_CALC",1,42.7667218761962,42.7667218761962,0,0.140978189232077,1
"md$PM_BIOIMPED_WEIGHT",1,37.3368823734819,37.3368823734819,0,0.123079016526498,1
"md$PM_WAIST_AVG",1,52.6235506148169,52.6235506148169,0,0.173470692893315,1
"md$PM_WAIST_HIP_RATIO",1,36.8525276869096,36.8525276869096,0,0.121482367457704,1
"md$PM_STANDING_HEIGHT_AVG",1,47.8351731632752,47.8351731632752,0,0.157686065200029,1
"md$A_SLE_LIGHT_EXP",1,51.7922262273675,51.7922262273675,0,0.170730276942184,1
"Residuals",0,-2.47272996806566e-14,-Inf,NA,-8.15122081058586e-17,NA
"Total",7,303.357009400895,NA,NA,1,NA
