"","Df","SumsOfSqs","MeanSqs","F.Model","R2","Pr(>F)"
"md$Both_case_control",1,0.268854686032027,0.268854686032027,0,0.273928332833227,1
"md$F1_SDC_AGE_CALC",1,0.106604821886831,0.106604821886831,0,0.108616597175339,1
"md$A_HS_DENTAL_VISIT_LAST",1,0.179369087912369,0.179369087912369,0,0.182754022028832,1
"md$PM_BIOIMPED_BMI",1,0.0683481513705153,0.0683481513705153,0,0.0696379722201605,1
"md$PM_BIOIMPED_WEIGHT",1,0.204246684461893,0.204246684461893,0,0.208101092032651,1
"md$PM_WAIST_AVG",1,0.041904573237987,0.041904573237987,0,0.0426953684705433,1
"md$PM_WAIST_HIP_RATIO",1,0.112150191425411,0.112150191425411,0,0.114266615239247,1
"Residuals",0,8.70923652971779e-17,Inf,NA,8.87359144839915e-17,NA
"Total",7,0.981478196327035,NA,NA,1,NA
