"","Df","SumsOfSqs","MeanSqs","F.Model","R2","Pr(>F)"
"md$Both_case_control",1,0.882714601826307,0.882714601826307,0,0.0733432648966793,1
"md$F1_SDC_AGE_CALC",1,1.4703860050416,1.4703860050416,0,0.122171888903857,1
"md$PM_BIOIMPED_WEIGHT",1,0.649105116798477,0.649105116798477,0,0.0539330474749623,1
"md$PM_WAIST_AVG",1,3.07040976957457,3.07040976957457,0,0.255115160217517,1
"md$PM_WAIST_HIP_RATIO",1,2.07254747314077,2.07254747314077,0,0.172204467920898,1
"md$PM_STANDING_HEIGHT_AVG",1,2.68193082518371,2.68193082518371,0,0.222837101073268,1
"md$A_SLE_LIGHT_EXP",1,1.20829354863291,1.20829354863291,0,0.100395069512818,1
"Residuals",0,3.04662087251501e-15,Inf,NA,2.53138580952792e-16,NA
"Total",7,12.0353873401983,NA,NA,1,NA
