"","Df","SumsOfSqs","MeanSqs","F.Model","R2","Pr(>F)"
"md$Crohn_case_control",1,0.065693393345714,0.065693393345714,1.02235594729723,0.0408577013871334,0.321
"Residuals",24,1.54216488343933,0.0642568701433053,NA,0.959142298612867,NA
"Total",25,1.60785827678504,NA,NA,1,NA
