"","Df","SumsOfSqs","MeanSqs","F.Model","R2","Pr(>F)"
"md$Both_case_control",1,0.268854686032027,0.268854686032027,0,0.273928332833227,1
"md$F1_SDC_AGE_CALC",1,0.106604821886831,0.106604821886831,0,0.108616597175339,1
"md$PM_BIOIMPED_WEIGHT",1,0.11181863976017,0.11181863976017,0,0.113928806751516,1
"md$PM_WAIST_AVG",1,0.0643154324926961,0.0643154324926961,0,0.0655291505541156,1
"md$PM_WAIST_HIP_RATIO",1,0.0990615858961897,0.0990615858961897,0,0.100931010252602,1
"md$PM_STANDING_HEIGHT_AVG",1,0.198264369910606,0.198264369910606,0,0.202005883220398,1
"md$A_SLE_LIGHT_EXP",1,0.132558660348514,0.132558660348514,0,0.135060219212801,1
"Residuals",0,2.32340342065705e-16,Inf,NA,2.36724914455754e-16,NA
"Total",7,0.981478196327035,NA,NA,1,NA
