"","Df","SumsOfSqs","MeanSqs","F.Model","R2","Pr(>F)"
"md$Crohn_case_control",1,4.10249367169626,4.10249367169626,2.12362895717502,0.0812914989971849,0.128
"Residuals",24,46.3639600449258,1.93183166853857,NA,0.918708501002815,NA
"Total",25,50.466453716622,NA,NA,1,NA
