"","Df","SumsOfSqs","MeanSqs","F.Model","R2","Pr(>F)"
"md$Crohn_case_control",1,0.0776522774603736,0.0776522774603736,1.39292464461631,0.0548548331517864,0.225
"Residuals",24,1.33794363266673,0.0557476513611139,NA,0.945145166848214,NA
"Total",25,1.41559591012711,NA,NA,1,NA
