"","Df","SumsOfSqs","MeanSqs","F.Model","R2","Pr(>F)"
"md$Crohn_case_control",1,0.128865656566379,0.128865656566379,3.1441105121533,0.0293446881692734,0.018
"Residuals",104,4.26258181164402,0.0409863635735002,NA,0.970655311830727,NA
"Total",105,4.3914474682104,NA,NA,1,NA
