"","Df","SumsOfSqs","MeanSqs","F.Model","R2","Pr(>F)"
"md$Crohn_case_control",1,0.0917698212698606,0.0917698212698606,1.56812981548957,0.0148541971732409,0.194
"Residuals",104,6.08626997445735,0.0585218266774745,NA,0.985145802826759,NA
"Total",105,6.17803979572721,NA,NA,1,NA
