"","Df","SumsOfSqs","MeanSqs","F.Model","R2","Pr(>F)"
"md$Both_case_control",1,291.193572886386,291.193572886386,0.854786934737945,0.0182433213479029,0.712
"Residuals",46,15670.4598636387,340.662170948668,NA,0.981756678652097,NA
"Total",47,15961.6534365251,NA,NA,1,NA
