"","Df","SumsOfSqs","MeanSqs","F.Model","R2","Pr(>F)"
"md$Both_case_control",1,70.0917217731243,70.0917217731243,0,0.103659845207991,1
"md$F1_SDC_AGE_CALC",1,109.775404259467,109.775404259467,0,0.162348721436947,1
"md$A_HS_DENTAL_VISIT_LAST",1,104.354455853623,104.354455853623,0,0.154331588194748,1
"md$PM_BIOIMPED_BMI",1,111.150410263599,111.150410263599,0,0.16438224131551,1
"md$PM_BIOIMPED_WEIGHT",1,97.899299035528,97.899299035528,0,0.144784946456899,1
"md$PM_WAIST_AVG",1,83.8472541113375,83.8472541113375,0,0.124003137067022,1
"md$PM_WAIST_HIP_RATIO",1,99.0518814725989,99.0518814725989,0,0.146489520320884,1
"Residuals",0,1.323175032049e-14,Inf,NA,1.95686616815097e-17,NA
"Total",7,676.170426769277,NA,NA,1,NA
