"","Df","SumsOfSqs","MeanSqs","F.Model","R2","Pr(>F)"
"md$Both_case_control",1,88.9592413426709,88.9592413426709,0,0.120200199458514,1
"md$F1_SDC_AGE_CALC",1,113.075347517672,113.075347517672,0,0.152785468044965,1
"md$PM_BIOIMPED_WEIGHT",1,88.9923542101373,88.9923542101373,0,0.120244940996482,1
"md$PM_WAIST_AVG",1,110.212652276277,110.212652276277,0,0.148917443387705,1
"md$PM_WAIST_HIP_RATIO",1,98.0600389744525,98.0600389744525,0,0.132497040956498,1
"md$PM_STANDING_HEIGHT_AVG",1,133.557755495636,133.557755495636,0,0.18046094601873,1
"md$A_SLE_LIGHT_EXP",1,107.234904068026,107.234904068026,0,0.144893961137106,1
"Residuals",0,-4.60002824087734e-14,-Inf,NA,-6.21547917588899e-17,NA
"Total",7,740.092293884873,NA,NA,1,NA
