"","Df","SumsOfSqs","MeanSqs","F.Model","R2","Pr(>F)"
"md$Both_case_control",1,0.0479996689361769,0.0479996689361769,0,0.115272171495736,1
"md$F1_SDC_AGE_CALC",1,0.0411625083488041,0.0411625083488041,0,0.0988525926686515,1
"md$PM_BIOIMPED_WEIGHT",1,0.0169030078048568,0.0169030078048568,0,0.0405929136108415,1
"md$PM_WAIST_AVG",1,0.140485628126422,0.140485628126422,0,0.337379064834961,1
"md$PM_WAIST_HIP_RATIO",1,0.0481026338810866,0.0481026338810866,0,0.115519443884291,1
"md$PM_STANDING_HEIGHT_AVG",1,0.0815745986202946,0.0815745986202946,0,0.195903041213838,1
"md$A_SLE_LIGHT_EXP",1,0.0401748754154306,0.0401748754154306,0,0.0964807722916809,1
"Residuals",0,-2.46309793279732e-17,-Inf,NA,-5.91517928379319e-17,NA
"Total",7,0.416402921133072,NA,NA,1,NA
