"","Df","SumsOfSqs","MeanSqs","F.Model","R2","Pr(>F)"
"md$Crohn_case_control",1,0.0971401576964516,0.0971401576964516,1.735074729436,0.0189139730310728,0.154
"Residuals",90,5.0387536884492,0.05598615209388,NA,0.981086026968927,NA
"Total",91,5.13589384614565,NA,NA,1,NA
