"","Df","SumsOfSqs","MeanSqs","F.Model","R2","Pr(>F)"
"md$Both_case_control",1,0.146746800365144,0.146746800365144,0,0.313799154965421,1
"md$F1_SDC_AGE_CALC",1,0.0523642176648416,0.0523642176648416,0,0.111974143305108,1
"md$A_HS_DENTAL_VISIT_LAST",1,0.0778641524019188,0.0778641524019188,0,0.166502473410143,1
"md$PM_BIOIMPED_BMI",1,0.0361682810788649,0.0361682810788649,0,0.0773412163730929,1
"md$PM_BIOIMPED_WEIGHT",1,0.0658604751717201,0.0658604751717201,0,0.140834153815158,1
"md$PM_WAIST_AVG",1,0.0233233627260571,0.0233233627260571,0,0.0498740108552795,1
"md$PM_WAIST_HIP_RATIO",1,0.0653183305464035,0.0653183305464035,0,0.139674847275798,1
"Residuals",0,1.44116393225307e-17,Inf,NA,3.08174367674373e-17,NA
"Total",7,0.46764561995495,NA,NA,1,NA
