"","Df","SumsOfSqs","MeanSqs","F.Model","R2","Pr(>F)"
"md$Both_case_control",1,2.4578476535809,2.4578476535809,0,0.212581307153813,1
"md$F1_SDC_AGE_CALC",1,1.53528997609089,1.53528997609089,0,0.132788519053264,1
"md$PM_BIOIMPED_WEIGHT",1,0.415532833773677,0.415532833773677,0,0.0359397836722058,1
"md$PM_WAIST_AVG",1,3.12594580236728,3.12594580236728,0,0.270365676973941,1
"md$PM_WAIST_HIP_RATIO",1,2.25460965501291,2.25460965501291,0,0.195003082020143,1
"md$PM_STANDING_HEIGHT_AVG",1,1.18820759405648,1.18820759405648,0,0.102769072422617,1
"md$A_SLE_LIGHT_EXP",1,0.584484541264377,0.584484541264377,0,0.0505525587040166,1
"Residuals",0,2.99612999561008e-15,Inf,NA,2.59137798854861e-16,NA
"Total",7,11.5619180561465,NA,NA,1,NA
