"","Df","SumsOfSqs","MeanSqs","F.Model","R2","Pr(>F)"
"md$Both_case_control",1,2.28377142310257,2.28377142310257,0,0.164515124722931,1
"md$F1_SDC_AGE_CALC",1,0.363493376147568,0.363493376147568,0,0.0261848263394224,1
"md$A_HS_DENTAL_VISIT_LAST",1,5.88585021010948,5.88585021010948,0,0.423996627517639,1
"md$PM_BIOIMPED_BMI",1,2.02342813765774,2.02342813765774,0,0.145760880036942,1
"md$PM_BIOIMPED_WEIGHT",1,0.896666941549475,0.896666941549475,0,0.0645928363196422,1
"md$PM_WAIST_AVG",1,0.527482866332313,0.527482866332313,0,0.0379980713770286,1
"md$PM_WAIST_HIP_RATIO",1,1.90113965440531,1.90113965440531,0,0.136951633686395,1
"Residuals",0,-1.96013986332496e-15,-Inf,NA,-1.41201808038742e-16,NA
"Total",7,13.8818326093045,NA,NA,1,NA
