"","Df","SumsOfSqs","MeanSqs","F.Model","R2","Pr(>F)"
"md$Crohn_case_control",1,156.089147741538,156.089147741538,1.19942926880458,0.0475974775464223,0.225
"Residuals",24,3123.26841042534,130.136183767722,NA,0.952402522453578,NA
"Total",25,3279.35755816688,NA,NA,1,NA
