"","Df","SumsOfSqs","MeanSqs","F.Model","R2","Pr(>F)"
"md$Both_case_control",1,62.2501916858712,62.2501916858712,0,0.109877312656978,1
"md$F1_SDC_AGE_CALC",1,86.6483485281456,86.6483485281456,0,0.152942303061193,1
"md$A_HS_DENTAL_VISIT_LAST",1,82.9309072592541,82.9309072592541,0,0.146380677377417,1
"md$PM_BIOIMPED_BMI",1,95.5893999970002,95.5893999970002,0,0.168724081094632,1
"md$PM_BIOIMPED_WEIGHT",1,63.4869592203817,63.4869592203817,0,0.112060321084633,1
"md$PM_WAIST_AVG",1,85.2877213045409,85.2877213045409,0,0.15054067089254,1
"md$PM_WAIST_HIP_RATIO",1,90.3491929776775,90.3491929776775,0,0.159474633832607,1
"Residuals",0,-2.5893707028626e-14,-Inf,NA,-4.57047740092064e-17,NA
"Total",7,566.542720972871,NA,NA,1,NA
