"","Df","SumsOfSqs","MeanSqs","F.Model","R2","Pr(>F)"
"md$Both_case_control",1,0.133610082200459,0.133610082200459,0,0.287522375580829,1
"md$F1_SDC_AGE_CALC",1,0.0578994503231953,0.0578994503231953,0,0.124596791107222,1
"md$PM_BIOIMPED_WEIGHT",1,0.0461549807424214,0.0461549807424214,0,0.099323265799943,1
"md$PM_WAIST_AVG",1,0.034366056022954,0.034366056022954,0,0.0739540752039867,1
"md$PM_WAIST_HIP_RATIO",1,0.0463145693164621,0.0463145693164621,0,0.0996666926219913,1
"md$PM_STANDING_HEIGHT_AVG",1,0.0782633129106938,0.0782633129106938,0,0.168418829464885,1
"md$A_SLE_LIGHT_EXP",1,0.0680861028834533,0.0680861028834533,0,0.146517970221142,1
"Residuals",0,1.04771278981851e-16,Inf,NA,2.25462678634592e-16,NA
"Total",7,0.464694554399639,NA,NA,1,NA
