"","Df","SumsOfSqs","MeanSqs","F.Model","R2","Pr(>F)"
"md$Both_case_control",1,0.194777108779356,0.194777108779356,0,0.147944728523347,1
"md$F1_SDC_AGE_CALC",1,0.149524584054846,0.149524584054846,0,0.11357276085569,1
"md$A_HS_DENTAL_VISIT_LAST",1,0.115155642232815,0.115155642232815,0,0.087467517794222,1
"md$PM_BIOIMPED_BMI",1,0.232647017403955,0.232647017403955,0,0.176709162833833,1
"md$PM_BIOIMPED_WEIGHT",1,0.207608606338552,0.207608606338552,0,0.157691009463853,1
"md$PM_WAIST_AVG",1,0.184958117168351,0.184958117168351,0,0.140486623937203,1
"md$PM_WAIST_HIP_RATIO",1,0.231882144427129,0.231882144427129,0,0.176128196591852,1
"Residuals",0,-2.16693098315518e-17,-Inf,NA,-1.64591218157408e-17,NA
"Total",7,1.316553220405,NA,NA,1,NA
