,sum_sq,df,F,PR(>F)
Both_case_control,1.950234679226995,1.0,0.6444219273176115,0.4252825732057375
Residual,181.5799180525833,60.0,,
