,sum_sq,df,F,PR(>F)
Crohn_case_control,0.0006341832765861347,1.0,0.07929367265847498,0.7798692645810389
Residual,0.2879245870655317,36.0,,
