,sum_sq,df,F,PR(>F)
CASE_CONTROL,1938.2227272726946,1.0,9.866545170859947,0.0019165831334365991
Residual,42824.77272727272,218.0,,
