,sum_sq,df,F,PR(>F)
Crohn_case_control,806.4500000000037,1.0,3.898851785852656,0.051858464011326426
Residual,16133.75,78.0,,
