,sum_sq,df,F,PR(>F)
Crohn_case_control,3.197429586138614e-05,1.0,0.017385934575040982,0.8961975791160538
Residual,0.04413815647131863,24.0,,
