,sum_sq,df,F,PR(>F)
UC_case_control,7.217157584934867,1.0,3.669055551864568,0.058917393749950954
Residual,161.29680066138823,82.0,,
