,sum_sq,df,F,PR(>F)
UC_case_control,0.5304165847657637,1.0,0.2592756771604527,0.6141116695889511
Residual,65.46441570761185,32.0,,
