,sum_sq,df,F,PR(>F)
CASE_CONTROL,0.0007332387265812228,1.0,0.31221629294971004,0.5782143149782267
Residual,0.15500073842128312,66.0,,
