,sum_sq,df,F,PR(>F)
Both_case_control,1.5874451752110714,1.0,0.5301267729673995,0.4702438305824135
Residual,137.74531259940696,46.0,,
