,sum_sq,df,F,PR(>F)
Crohn_case_control,0.0010843177630131496,1.0,0.27953317028266517,0.6018631535999779
Residual,0.09309673798640922,24.0,,
