,sum_sq,df,F,PR(>F)
CASE_CONTROL,4.0622748867989,1.0,14.754940076738407,0.0001573688993554288
Residual,64.97463685372426,236.0,,
