,sum_sq,df,F,PR(>F)
CASE_CONTROL,0.04850693145112506,1.0,14.056244946808226,0.0002273180530005136
Residual,0.7522998564952038,218.0,,
