,sum_sq,df,F,PR(>F)
Crohn_case_control,2.1204524431515175,1.0,8.11969179127754,0.005427169113007472
Residual,23.503443823895434,90.0,,
