,sum_sq,df,F,PR(>F)
Both_case_control,0.429829237589278,1.0,0.18491165126895562,0.6748067553394863
Residual,27.894136554808277,12.0,,
