,sum_sq,df,F,PR(>F)
Both_case_control,161.33333333333556,1.0,0.7074899107057837,0.40462970031063306
Residual,10489.666666666666,46.0,,
