,sum_sq,df,F,PR(>F)
Both_case_control,0.00424258713547719,1.0,2.3234000173873532,0.13428744255006322
Residual,0.08399716224991927,46.0,,
