,sum_sq,df,F,PR(>F)
UC_case_control,0.007857088843547052,1.0,2.0189323928144063,0.15781839841080741
Residual,0.4903548022759052,126.0,,
