,sum_sq,df,F,PR(>F)
Both_case_control,0.009613038053625804,1.0,8.998623031126812,0.024015308806926476
Residual,0.006409672693504568,6.0,,
