,sum_sq,df,F,PR(>F)
UC_case_control,0.001250160932858353,1.0,0.2026383858687278,0.6547139964445474
Residual,0.28379323426282327,46.0,,
