,sum_sq,df,F,PR(>F)
UC_case_control,264.2937697082812,1.0,1.8273009724866158,0.1830565391083035
Residual,6653.262702551308,46.0,,
