,sum_sq,df,F,PR(>F)
Crohn_case_control,0.0009858733320418473,1.0,0.7137601586993575,0.40654195208910526
Residual,0.03314973479623785,24.0,,
