,sum_sq,df,F,PR(>F)
Crohn_case_control,0.025759537764610718,1.0,5.407243025661254,0.021626671812248813
Residual,0.6097785541028006,128.0,,
