,sum_sq,df,F,PR(>F)
CASE_CONTROL,24.22093042435782,1.0,10.85470358096406,0.0010966498691676407
Residual,709.5777252225723,318.0,,
