,sum_sq,df,F,PR(>F)
Both_case_control,163.76190759637234,1.0,1.0993750389410224,0.3347905425633095
Residual,893.7545521541949,6.0,,
