,sum_sq,df,F,PR(>F)
Both_case_control,0.36709363443608173,1.0,0.10150026878762315,0.755513428858859
Residual,43.4001177124975,12.0,,
