,sum_sq,df,F,PR(>F)
Crohn_case_control,0.002166111943377891,1.0,1.0799811793872456,0.3019125207722699
Residual,0.1564441444056806,78.0,,
