,sum_sq,df,F,PR(>F)
CASE_CONTROL,0.007570421532486314,1.0,3.8316328237480506,0.051472630382125434
Residual,0.46628149508311273,236.0,,
