,sum_sq,df,F,PR(>F)
Crohn_case_control,860.8357347262369,1.0,3.162360125066536,0.07925105301422078
Residual,21232.61888373126,78.0,,
