,sum_sq,df,F,PR(>F)
Crohn_case_control,0.0031341160144254462,1.0,1.7190280881782318,0.192705725758989
Residual,0.18961183225672315,104.0,,
