,sum_sq,df,F,PR(>F)
Both_case_control,0.013847084134823901,1.0,2.5297137003383274,0.1200067084131721
Residual,0.20800345788257973,38.0,,
