,sum_sq,df,F,PR(>F)
Crohn_case_control,682.2106850614647,1.0,2.733274769277502,0.10072820003942128
Residual,31948.111719097284,128.0,,
