,sum_sq,df,F,PR(>F)
CASE_CONTROL,0.4284457359527932,1.0,2.2654273896608705,0.1370607084804404
Residual,12.482156215616966,66.0,,
