,sum_sq,df,F,PR(>F)
CASE_CONTROL,152.34892090449745,1.0,0.7499018776879249,0.3896443939287786
Residual,13408.459264961699,66.0,,
