,sum_sq,df,F,PR(>F)
CASE_CONTROL,3.147466113362504,1.0,12.113677181934083,0.0006377911662414808
Residual,43.65101522050598,168.0,,
