,sum_sq,df,F,PR(>F)
Crohn_case_control,591.0199527031215,1.0,2.3717749490495623,0.12658371715616465
Residual,25915.643938205787,104.0,,
