,sum_sq,df,F,PR(>F)
UC_case_control,0.0024812312249881743,1.0,0.5245408078737412,0.4709724696321387
Residual,0.3878839499137769,82.0,,
