,sum_sq,df,F,PR(>F)
Both_case_control,293.9516129032259,1.0,1.3574205657594856,0.2485962137380124
Residual,12993.096774193547,60.0,,
