,sum_sq,df,F,PR(>F)
CASE_CONTROL,0.0037802329563677004,1.0,1.9027298244494044,0.16960646873359056
Residual,0.33377262946595554,168.0,,
