,sum_sq,df,F,PR(>F)
Both_case_control,0.007234681910493641,1.0,4.494367620953437,0.03815155672837796
Residual,0.0965833129906566,60.0,,
