,sum_sq,df,F,PR(>F)
Crohn_case_control,2.0765106248550294,1.0,7.708173804628886,0.0065207786908900575
Residual,28.016636684455303,104.0,,
