,sum_sq,df,F,PR(>F)
UC_case_control,9.638086574327551e-05,1.0,0.04398533774006581,0.8348070166151468
Residual,0.1007954025587082,46.0,,
