,sum_sq,df,F,PR(>F)
UC_case_control,0.16015989166622188,1.0,1.329669074617894,0.25482090566306814
Residual,5.540743300180428,46.0,,
