,sum_sq,df,F,PR(>F)
CASE_CONTROL,0.003325978521212169,1.0,1.3822235885545642,0.2425710544391038
Residual,0.2358127134985771,98.0,,
