,sum_sq,df,F,PR(>F)
UC_case_control,265.441176470588,1.0,2.454530001699811,0.1270230155425294
Residual,3460.5882352941176,32.0,,
