,sum_sq,df,F,PR(>F)
Both_case_control,0.01107972983838595,1.0,6.395061719171571,0.01493735757016595
Residual,0.07969705296789176,46.0,,
