,sum_sq,df,F,PR(>F)
CASE_CONTROL,0.004298542876754934,1.0,2.1598162639752734,0.14641261121480015
Residual,0.1313555391714902,66.0,,
