,sum_sq,df,F,PR(>F)
Crohn_case_control,113.17533124551863,1.0,0.5118719149933776,0.478944508089836
Residual,7959.631707653629,36.0,,
