,sum_sq,df,F,PR(>F)
Crohn_case_control,0.0004918866112392065,1.0,0.2056049289428415,0.6529557753347528
Residual,0.08612594112242447,36.0,,
