,sum_sq,df,F,PR(>F)
UC_case_control,0.0003688947138034044,1.0,0.17175791104107974,0.6813193150094136
Residual,0.06872830934049727,32.0,,
