,sum_sq,df,F,PR(>F)
UC_case_control,0.6062773251160688,1.0,2.369276004199222,0.12759460524735597
Residual,20.98309381068519,82.0,,
