,sum_sq,df,F,PR(>F)
UC_case_control,1.9606708078698691,1.0,1.1576197581377172,0.28757058070162556
Residual,77.91060624872675,46.0,,
