,sum_sq,df,F,PR(>F)
Both_case_control,0.029747367495111456,1.0,5.540472466866525,0.021874419532105904
Residual,0.32214618164434705,60.0,,
