,sum_sq,df,F,PR(>F)
Crohn_case_control,0.024939272519517882,1.0,6.544841546438079,0.01195945747020082
Residual,0.39629444404829467,104.0,,
