,sum_sq,df,F,PR(>F)
UC_case_control,0.007179868715497883,1.0,2.9875262213943046,0.0878650636666815
Residual,0.18745601487891345,78.0,,
