,sum_sq,df,F,PR(>F)
UC_case_control,1055.4492808706705,1.0,6.108588390732222,0.0155226003089157
Residual,14168.05904989464,82.0,,
