,sum_sq,df,F,PR(>F)
Crohn_case_control,0.12338604709682272,1.0,0.33806897392781704,0.5645691170615167
Residual,13.139027944143823,36.0,,
