,sum_sq,df,F,PR(>F)
UC_case_control,1.1852274648518955,1.0,5.121177706734212,0.02534692351495271
Residual,29.160999505047926,126.0,,
