,sum_sq,df,F,PR(>F)
UC_case_control,1431.4706426184405,1.0,6.417097048136193,0.01330855196475941
Residual,17399.567013976794,78.0,,
