,sum_sq,df,F,PR(>F)
UC_case_control,310.0833333333355,1.0,2.979338914901415,0.09104566734906998
Residual,4787.583333333333,46.0,,
