,sum_sq,df,F,PR(>F)
UC_case_control,124.264705882353,1.0,0.8539235005810726,0.3623609134162412
Residual,4656.705882352941,32.0,,
