,sum_sq,df,F,PR(>F)
Both_case_control,1.0863254068584225,1.0,2.862360653751208,0.09886043556830323
Residual,14.421790422014402,38.0,,
