,sum_sq,df,F,PR(>F)
Crohn_case_control,1106.2041134785343,1.0,4.0816321814003045,0.04632459609080547
Residual,24391.8035208435,90.0,,
