,sum_sq,df,F,PR(>F)
Crohn_case_control,4.783361082799433,1.0,2.29703748854409,0.13208666613749437
Residual,266.54776931237507,128.0,,
