,sum_sq,df,F,PR(>F)
CASE_CONTROL,0.008540338089859233,1.0,1.2801925799319862,0.2606243782011871
Residual,0.6537712731085117,98.0,,
