,sum_sq,df,F,PR(>F)
CASE_CONTROL,1.1400514119848995,1.0,6.787688545025899,0.010608595577288953
Residual,16.459953581163298,98.0,,
