,sum_sq,df,F,PR(>F)
CASE_CONTROL,201.30882352940938,1.0,1.610993227749447,0.20880990668127183
Residual,8247.323529411764,66.0,,
