,sum_sq,df,F,PR(>F)
Crohn_case_control,0.0027108655594553846,1.0,1.3479112757486442,0.24871373696223917
Residual,0.18100442124091343,90.0,,
