,sum_sq,df,F,PR(>F)
Crohn_case_control,0.0010557503811950235,1.0,0.18927458867916536,0.6674082906533714
Residual,0.13386904880100092,24.0,,
