,sum_sq,df,F,PR(>F)
CASE_CONTROL,1310.4941176470402,1.0,6.890556617216484,0.00946455171072992
Residual,31951.41176470588,168.0,,
