,sum_sq,df,F,PR(>F)
UC_case_control,0.1846495170815332,1.0,0.5642290218923399,0.4563870721427341
Residual,15.053954079255494,46.0,,
