,sum_sq,df,F,PR(>F)
UC_case_control,1589.3321879018647,1.0,8.273553796348974,0.004725286809158329
Residual,24204.33354334453,126.0,,
