,sum_sq,df,F,PR(>F)
Crohn_case_control,125.28947368421102,1.0,0.7496719561908457,0.39231393205672394
Residual,6016.526315789473,36.0,,
