,sum_sq,df,F,PR(>F)
Both_case_control,0.007086614730368033,1.0,3.6302624669127854,0.06432539505321067
Residual,0.074179584040653,38.0,,
