,sum_sq,df,F,PR(>F)
CASE_CONTROL,4.395994203158572,1.0,17.47568170840514,4.214450646414232e-05
Residual,54.83773121294889,218.0,,
