,sum_sq,df,F,PR(>F)
Crohn_case_control,0.08067596809098129,1.0,0.31926625913042683,0.5772930472176582
Residual,6.064603379815854,24.0,,
