,sum_sq,df,F,PR(>F)
UC_case_control,768.0476190476161,1.0,5.98543667351536,0.01656243301232418
Residual,10522.190476190475,82.0,,
