,sum_sq,df,F,PR(>F)
Crohn_case_control,0.026653205018622703,1.0,8.00673169065882,0.0059229272151490675
Residual,0.2596502632750902,78.0,,
