,sum_sq,df,F,PR(>F)
Both_case_control,87.0250000000001,1.0,0.3793352642597005,0.5416310719729471
Residual,8717.75,38.0,,
