,sum_sq,df,F,PR(>F)
UC_case_control,147.0000000000018,1.0,1.1030995106036023,0.29907355206229647
Residual,6130.0,46.0,,
