,sum_sq,df,F,PR(>F)
UC_case_control,1.5213224977413653,1.0,0.7891565447282998,0.37897707053115237
Residual,88.67801371424557,46.0,,
