,sum_sq,df,F,PR(>F)
Both_case_control,1.6361287309492056,1.0,10.702633631516065,0.006684754977266751
Residual,1.8344592039080487,12.0,,
