,sum_sq,df,F,PR(>F)
Both_case_control,0.020792878596315324,1.0,8.734971955276999,0.012020777345842915
Residual,0.028565007928279196,12.0,,
