,sum_sq,df,F,PR(>F)
Both_case_control,32.91115717120203,1.0,0.15134883817176323,0.7106813786598272
Residual,1304.7139668367345,6.0,,
