,sum_sq,df,F,PR(>F)
Crohn_case_control,2.0523145016502364,1.0,7.986823764243754,0.005982189643748521
Residual,20.04307793110243,78.0,,
