,sum_sq,df,F,PR(>F)
Both_case_control,0.013186229506310305,1.0,3.735663499268448,0.10145149912671862
Residual,0.021178935697328018,6.0,,
