,sum_sq,df,F,PR(>F)
CASE_CONTROL,292.4099999999991,1.0,1.9763727828362252,0.16293567327486494
Residual,14499.380000000003,98.0,,
