,sum_sq,df,F,PR(>F)
CASE_CONTROL,0.0404820945716531,1.0,9.454326990205498,0.002354556353358777
Residual,1.0105187105129387,236.0,,
