,sum_sq,df,F,PR(>F)
Both_case_control,0.019307542074740145,1.0,6.26682408690309,0.04631707524230711
Residual,0.01848548017975222,6.0,,
