,sum_sq,df,F,PR(>F)
UC_case_control,104.87883616457239,1.0,0.5586958800862581,0.460243862489337
Residual,6007.065519703059,32.0,,
