,sum_sq,df,F,PR(>F)
CASE_CONTROL,24.88322057155447,1.0,10.138212393909926,0.0016645795629002976
Residual,535.059029524517,218.0,,
