,sum_sq,df,F,PR(>F)
CASE_CONTROL,0.010366996977602683,1.0,3.7370400715230945,0.05610480263435179
Residual,0.27186374359400134,98.0,,
