,sum_sq,df,F,PR(>F)
CASE_CONTROL,1925.1301395157384,1.0,8.532664725169631,0.0038265413746305394
Residual,53246.05238332297,236.0,,
