,sum_sq,df,F,PR(>F)
Both_case_control,3.966783315491884,1.0,1.5186954060634206,0.26391409925558046
Residual,15.671806076403834,6.0,,
