,sum_sq,df,F,PR(>F)
CASE_CONTROL,0.0026274944867184158,1.0,1.373268279462563,0.24409222491652038
Residual,0.18750484777757828,98.0,,
