,sum_sq,df,F,PR(>F)
Crohn_case_control,2.0019802135080003,1.0,6.842323798376139,0.00997231032493476
Residual,37.45123365688125,128.0,,
