,sum_sq,df,F,PR(>F)
Crohn_case_control,3.0293476219343493e-05,1.0,1.4005207545375707e-05,0.9970449748226089
Residual,51.91236380529768,24.0,,
