,sum_sq,df,F,PR(>F)
UC_case_control,22.476377050584663,1.0,10.156691506610908,0.0020689194348660215
Residual,172.61107210005224,78.0,,
