,sum_sq,df,F,PR(>F)
UC_case_control,1.09042553323461,1.0,6.4700291484038726,0.012947933245473098
Residual,13.145720002402435,78.0,,
