,sum_sq,df,F,PR(>F)
Both_case_control,1.0363254986030583,1.0,2.8135928980744582,0.11930178758010017
Residual,4.419937934783484,12.0,,
