,sum_sq,df,F,PR(>F)
UC_case_control,116.15001295749998,1.0,0.6284933912863424,0.4319784469461354
Residual,8501.12454660763,46.0,,
