,sum_sq,df,F,PR(>F)
Crohn_case_control,7.201967895587493,1.0,3.031287733424654,0.0856161471275999
Residual,185.31843403106205,78.0,,
