,sum_sq,df,F,PR(>F)
Both_case_control,281.26188476579705,1.0,0.9210316096518395,0.34222172490721536
Residual,14047.34274442263,46.0,,
