,sum_sq,df,F,PR(>F)
Crohn_case_control,575.5566037735896,1.0,2.966004431521794,0.08800434601602074
Residual,20181.320754716977,104.0,,
