,sum_sq,df,F,PR(>F)
Crohn_case_control,1.2711492916365663,1.0,0.6399667414539378,0.4289703395783985
Residual,71.50586356245843,36.0,,
