,sum_sq,df,F,PR(>F)
UC_case_control,0.0004995913872854293,1.0,0.21646148484204797,0.6449002038810803
Residual,0.07385574576834951,32.0,,
