,sum_sq,df,F,PR(>F)
CASE_CONTROL,236.01257072997845,1.0,1.179963463928325,0.28002812482425854
Residual,19601.650931238357,98.0,,
