,sum_sq,df,F,PR(>F)
Crohn_case_control,0.030485650730265858,1.0,9.04915554142736,0.00340771618026923
Residual,0.3032005089494959,90.0,,
