,sum_sq,df,F,PR(>F)
UC_case_control,0.00043244918659991527,1.0,0.21530044189016126,0.64474185736552
Residual,0.09641206852415897,48.0,,
