,sum_sq,df,F,PR(>F)
Crohn_case_control,594.4923076923072,1.0,3.068937574843795,0.08219658300914084
Residual,24795.230769230773,128.0,,
