,sum_sq,df,F,PR(>F)
CASE_CONTROL,0.00769405926328765,1.0,1.286626175585573,0.26077371263097116
Residual,0.3946817817116692,66.0,,
