,sum_sq,df,F,PR(>F)
UC_case_control,218.8453761669954,1.0,1.4160698570538912,0.24280542071226677
Residual,4945.414241013209,32.0,,
