,sum_sq,df,F,PR(>F)
UC_case_control,0.0006209740723861748,1.0,0.24110847786550949,0.6256442669862647
Residual,0.1236238382756604,48.0,,
