,sum_sq,df,F,PR(>F)
Both_case_control,0.014495173077642934,1.0,2.638628206341312,0.11112704646918355
Residual,0.2526987166926866,46.0,,
