,sum_sq,df,F,PR(>F)
UC_case_control,7.228390231926373e-07,1.0,0.00032320361173804145,0.985734265024132
Residual,0.10287816676322023,46.0,,
