,sum_sq,df,F,PR(>F)
CASE_CONTROL,234.08999999999978,1.0,1.7589065420704042,0.18784358636986784
Residual,13042.66,98.0,,
