,sum_sq,df,F,PR(>F)
Both_case_control,161.33333333333508,1.0,0.7762359668084596,0.38287512058748563
Residual,9560.666666666668,46.0,,
