,sum_sq,df,F,PR(>F)
Both_case_control,214.5768324561851,1.0,0.6831814132824825,0.4136533231062355
Residual,11935.218779091028,38.0,,
