,sum_sq,df,F,PR(>F)
CASE_CONTROL,2720.342242356055,1.0,10.582069347160191,0.0013233459003202442
Residual,56041.459319369045,218.0,,
