,sum_sq,df,F,PR(>F)
Crohn_case_control,0.157347877693132,1.0,0.48213917497716746,0.494122289387653
Residual,7.832487506981783,24.0,,
