,sum_sq,df,F,PR(>F)
UC_case_control,1.9260493687859067e-07,1.0,0.00010569288851105274,0.991823578617567
Residual,0.14213998016488152,78.0,,
