,sum_sq,df,F,PR(>F)
UC_case_control,0.00011133578434723356,1.0,0.044043992326734206,0.8346985508987144
Residual,0.11628024185409921,46.0,,
