,sum_sq,df,F,PR(>F)
UC_case_control,0.0009924731498248203,1.0,0.35079199798827154,0.5578273026405794
Residual,0.09053553381071165,32.0,,
