,sum_sq,df,F,PR(>F)
Both_case_control,345.8286530546339,1.0,1.2334011751903706,0.27251825611364894
Residual,12897.764620710535,46.0,,
