,sum_sq,df,F,PR(>F)
Both_case_control,2.1794068874618047,1.0,0.7445750626380259,0.39361269931684195
Residual,111.22782091321552,38.0,,
