,sum_sq,df,F,PR(>F)
UC_case_control,1206.632812499997,1.0,8.406418927966955,0.004412344813687387
Residual,18085.671875,126.0,,
