,sum_sq,df,F,PR(>F)
Both_case_control,255.99044776196365,1.0,0.9946486001127806,0.33829514977465025
Residual,3088.412704542339,12.0,,
