,sum_sq,df,F,PR(>F)
Crohn_case_control,0.003992315781946203,1.0,2.131531284485936,0.14674657255209786
Residual,0.23974145901985033,128.0,,
