,sum_sq,df,F,PR(>F)
Both_case_control,2.170496017869673,1.0,5.8204116476898875,0.018914697212677405
Residual,22.374665050343708,60.0,,
