,sum_sq,df,F,PR(>F)
CASE_CONTROL,0.004074196103831259,1.0,2.1648348487727525,0.14264181735661843
Residual,0.41027367567494666,218.0,,
