,sum_sq,df,F,PR(>F)
Crohn_case_control,0.001285498914272977,1.0,0.8070812851370522,0.3749541444888781
Residual,0.05733990090721606,36.0,,
