,sum_sq,df,F,PR(>F)
Crohn_case_control,11.839697262936959,1.0,0.062260093273639606,0.8043770644662551
Residual,6845.943831025263,36.0,,
