,sum_sq,df,F,PR(>F)
Crohn_case_control,6.736842105263045,1.0,0.04715899787129444,0.829308780237773
Residual,5142.736842105263,36.0,,
