,sum_sq,df,F,PR(>F)
Crohn_case_control,0.2559472292933437,1.0,1.228188556751342,0.2751090271456908
Residual,7.502187024875409,36.0,,
