,sum_sq,df,F,PR(>F)
Both_case_control,23.142857142856812,1.0,0.19776195320447326,0.6644481392888145
Residual,1404.2857142857144,12.0,,
