,sum_sq,df,F,PR(>F)
CASE_CONTROL,17.05710469502923,1.0,7.182982316943471,0.008092733835646635
Residual,398.94203581783125,168.0,,
