,sum_sq,df,F,PR(>F)
Both_case_control,1.4871644434109383,1.0,11.297896027374406,0.015206388179123724
Residual,0.7897918903524644,6.0,,
