,sum_sq,df,F,PR(>F)
UC_case_control,918.012500000004,1.0,5.4088945962023525,0.022634104493612993
Residual,13238.375,78.0,,
