,sum_sq,df,F,PR(>F)
CASE_CONTROL,0.0029637565064044437,1.0,0.9598077899680737,0.33081291532764034
Residual,0.20379906421597166,66.0,,
