,sum_sq,df,F,PR(>F)
CASE_CONTROL,1.4436676735961447,1.0,0.6945407100670689,0.40763012699496626
Residual,137.18715847217157,66.0,,
