,sum_sq,df,F,PR(>F)
UC_case_control,21.21062113099478,1.0,10.427764459261898,0.0015831239599327764
Residual,256.29062422210785,126.0,,
