,sum_sq,df,F,PR(>F)
Both_case_control,0.021740910636515554,1.0,4.606047259943988,0.037168111922109066
Residual,0.21712367086999385,46.0,,
