,sum_sq,df,F,PR(>F)
CASE_CONTROL,0.8012850042604115,1.0,2.350890123185743,0.12843355186602415
Residual,33.40263742786418,98.0,,
