,sum_sq,df,F,PR(>F)
Both_case_control,0.0034092068659151513,1.0,3.5351696172117246,0.0845676369635052
Residual,0.011572424189153593,12.0,,
