,sum_sq,df,F,PR(>F)
Crohn_case_control,25.684082411095385,1.0,0.10606672902719685,0.7474898401355343
Residual,5811.60542537549,24.0,,
