,sum_sq,df,F,PR(>F)
CASE_CONTROL,1888.2084454992337,1.0,7.478599385308998,0.006913682805818764
Residual,42416.90221661265,168.0,,
