,sum_sq,df,F,PR(>F)
CASE_CONTROL,0.05488558490772611,1.0,12.1831550527248,0.0005503457170461389
Residual,1.4326023041751692,318.0,,
