,sum_sq,df,F,PR(>F)
Crohn_case_control,47.11538461538462,1.0,0.25954306296126284,0.615086906200951
Residual,4356.7692307692305,24.0,,
