,sum_sq,df,F,PR(>F)
CASE_CONTROL,0.9323006612649982,1.0,2.9139992921625097,0.09251482343083478
Residual,21.115943236151733,66.0,,
