,sum_sq,df,F,PR(>F)
Crohn_case_control,5.658088651188265,1.0,0.0310523962651408,0.8616020447748705
Residual,4373.064367369287,24.0,,
