,sum_sq,df,F,PR(>F)
UC_case_control,1.5990625550145362e-05,1.0,0.006892723916998578,0.9340360401358901
Residual,0.19023412382414015,82.0,,
