,sum_sq,df,F,PR(>F)
CASE_CONTROL,201.30882352940924,1.0,1.287876930445501,0.2605443202485407
Residual,10316.5,66.0,,
