,sum_sq,df,F,PR(>F)
CASE_CONTROL,16.17030373895496,1.0,7.469949242403319,0.006748781809995595
Residual,510.8725050942355,236.0,,
