,sum_sq,df,F,PR(>F)
Both_case_control,36.125000000000234,1.0,0.22466960352423054,0.6522610711419999
Residual,964.75,6.0,,
