,sum_sq,df,F,PR(>F)
CASE_CONTROL,228.87740466827037,1.0,1.281104245241802,0.2604557945395872
Residual,17508.322012668803,98.0,,
