,sum_sq,df,F,PR(>F)
CASE_CONTROL,5.012504041958451,1.0,17.81198522938034,3.1853042478355246e-05
Residual,89.48897412701481,318.0,,
