,sum_sq,df,F,PR(>F)
Both_case_control,0.014201008323404764,1.0,4.895583074970206,0.047060435861952736
Residual,0.03480935718405601,12.0,,
