,sum_sq,df,F,PR(>F)
UC_case_control,0.3420307190153441,1.0,0.9253487294770929,0.34328754506392156
Residual,11.827954867000177,32.0,,
