,sum_sq,df,F,PR(>F)
UC_case_control,0.0023112832327598382,1.0,0.30452975147166156,0.5848901362746306
Residual,0.24286974619357468,32.0,,
