,sum_sq,df,F,PR(>F)
CASE_CONTROL,3.2215022035562444,1.0,1.646269886214702,0.2024934500197641
Residual,191.77123908548384,98.0,,
