,sum_sq,df,F,PR(>F)
CASE_CONTROL,2673.243075460443,1.0,11.494342569929595,0.0007860893073457888
Residual,73957.3657931815,318.0,,
