,sum_sq,df,F,PR(>F)
Both_case_control,12.788036370195163,1.0,0.0807639658976893,0.7811090585792504
Residual,1900.0606859343495,12.0,,
