,sum_sq,df,F,PR(>F)
Both_case_control,0.004843779372528717,1.0,6.235428181539953,0.04671217421245307
Residual,0.00466089503223093,6.0,,
