,sum_sq,df,F,PR(>F)
CASE_CONTROL,0.03333861164802403,1.0,9.194914013748853,0.0028119745935793992
Residual,0.6091287801596855,168.0,,
