,sum_sq,df,F,PR(>F)
Both_case_control,105.12500000000061,1.0,0.7837837837837883,0.41006024098298655
Residual,804.75,6.0,,
