,sum_sq,df,F,PR(>F)
UC_case_control,894.6006299207814,1.0,4.834284889360923,0.032751868796457154
Residual,8882.560961746329,48.0,,
