,sum_sq,df,F,PR(>F)
Both_case_control,499.9385933735694,1.0,1.7381720462172858,0.19238138117411885
Residual,17257.391561263423,60.0,,
