,sum_sq,df,F,PR(>F)
Crohn_case_control,0.21437237274999088,1.0,0.17288173357487896,0.6812576728340277
Residual,29.759864385969923,24.0,,
