,sum_sq,df,F,PR(>F)
Crohn_case_control,6.557246225052538,1.0,3.1529566832673144,0.07871444895380936
Residual,216.29019232156904,104.0,,
