,sum_sq,df,F,PR(>F)
Crohn_case_control,939.5217391304371,1.0,4.454045561665369,0.03759282684741177
Residual,18984.304347826084,90.0,,
