,sum_sq,df,F,PR(>F)
Both_case_control,157.78571428571354,1.0,0.7761770906535451,0.3956159313732011
Residual,2439.4285714285716,12.0,,
