,sum_sq,df,F,PR(>F)
Crohn_case_control,0.11399804034368083,1.0,0.09351704645540129,0.761514133087123
Residual,43.88429284205092,36.0,,
