,sum_sq,df,F,PR(>F)
Crohn_case_control,5.677892862857509,1.0,2.3290008964384588,0.1304900616493614
Residual,219.4118338205108,90.0,,
