,sum_sq,df,F,PR(>F)
UC_case_control,0.007355042527889505,1.0,0.06023409427965427,0.8076935579530901
Residual,3.9074441760463885,32.0,,
