,sum_sq,df,F,PR(>F)
CASE_CONTROL,0.985836401668186,1.0,0.6193378333052393,0.43411037038206857
Residual,105.05607603989701,66.0,,
