,sum_sq,df,F,PR(>F)
UC_case_control,505.6200000000019,1.0,3.5560296324081144,0.06538887753190027
Residual,6824.960000000001,48.0,,
