,sum_sq,df,F,PR(>F)
Crohn_case_control,0.004437302788218484,1.0,1.3094091932505614,0.2600532110111949
Residual,0.12199616529292069,36.0,,
