,sum_sq,df,F,PR(>F)
CASE_CONTROL,178.99768748640682,1.0,1.13272874849108,0.2910724282783564
Residual,10429.546694069699,66.0,,
