,sum_sq,df,F,PR(>F)
CASE_CONTROL,1457.6512605042096,1.0,8.512722499741152,0.0038672033001152253
Residual,40410.77310924369,236.0,,
