,sum_sq,df,F,PR(>F)
Both_case_control,1.7332967046253032,1.0,5.148839607662138,0.027997231889559198
Residual,15.485362623087532,46.0,,
