,sum_sq,df,F,PR(>F)
Both_case_control,0.7997436900032838,1.0,5.541100965125116,0.056750911472094004
Residual,0.8659763051098557,6.0,,
