,sum_sq,df,F,PR(>F)
Both_case_control,0.36705550257617475,1.0,0.1155298726776388,0.7455171847031565
Residual,19.062887930312048,6.0,,
