,sum_sq,df,F,PR(>F)
CASE_CONTROL,0.006655177404526328,1.0,3.508752031976737,0.06196260063380748
Residual,0.6031621486363854,318.0,,
