,sum_sq,df,F,PR(>F)
UC_case_control,3.738759530112698e-05,1.0,0.017968510603852104,0.8935795412701034
Residual,0.26217181333505113,126.0,,
