,sum_sq,df,F,PR(>F)
UC_case_control,0.49758464651297857,1.0,0.2887720651726913,0.5947259581985929
Residual,55.13936633342019,32.0,,
