,sum_sq,df,F,PR(>F)
UC_case_control,8.412243590927327,1.0,3.988343814697454,0.0515025316923785
Residual,101.24194681424225,48.0,,
