,sum_sq,df,F,PR(>F)
CASE_CONTROL,2030.1125000000166,1.0,11.49206708763707,0.0007870183516355193
Residual,56175.774999999994,318.0,,
