,sum_sq,df,F,PR(>F)
Both_case_control,2.543999694136769,1.0,0.880847880011009,0.352871635807509
Residual,132.85379755790385,46.0,,
