,sum_sq,df,F,PR(>F)
Both_case_control,1.2647239134360442,1.0,3.265092534189731,0.07731219771776796
Residual,17.817963628554672,46.0,,
