,sum_sq,df,F,PR(>F)
Crohn_case_control,1.8846153846153701,1.0,0.011900906735751206,0.9140370999362595
Residual,3800.6153846153843,24.0,,
