,sum_sq,df,F,PR(>F)
Both_case_control,0.019607806518304738,1.0,3.617005507222552,0.08146410216541743
Residual,0.06505206523733927,12.0,,
