,sum_sq,df,F,PR(>F)
CASE_CONTROL,1.9738779989750268,1.0,1.1642612706581437,0.2832321114398886
Residual,166.14831118637414,98.0,,
