,sum_sq,df,F,PR(>F)
UC_case_control,0.2776909990314433,1.0,1.633570407593315,0.2073562120952713
Residual,8.159530738039445,48.0,,
